CASE_ID,ACCIDENT_YEAR,PROC_DATE,JURIS,COLLISION_DATE,COLLISION_TIME,OFFICER_ID,REPORTING_DISTRICT,DAY_OF_WEEK,CHP_SHIFT,POPULATION,CNTY_CITY_LOC,SPECIAL_COND,BEAT_TYPE,CHP_BEAT_TYPE,CITY_DIVISION_LAPD,CHP_BEAT_CLASS,BEAT_NUMBER,PRIMARY_RD,SECONDARY_RD,DISTANCE,DIRECTION,INTERSECTION,WEATHER_1,WEATHER_2,STATE_HWY_IND,CALTRANS_COUNTY,CALTRANS_DISTRICT,STATE_ROUTE,ROUTE_SUFFIX,POSTMILE_PREFIX,POSTMILE,LOCATION_TYPE,RAMP_INTERSECTION,SIDE_OF_HWY,TOW_AWAY,COLLISION_SEVERITY,NUMBER_KILLED,NUMBER_INJURED,PARTY_COUNT,PRIMARY_COLL_FACTOR,PCF_CODE_OF_VIOL,PCF_VIOL_CATEGORY,PCF_VIOLATION,PCF_VIOL_SUBSECTION,HIT_AND_RUN,TYPE_OF_COLLISION,MVIW,PED_ACTION,ROAD_SURFACE,ROAD_COND_1,ROAD_COND_2,LIGHTING,CONTROL_DEVICE,CHP_ROAD_TYPE,PEDESTRIAN_ACCIDENT,BICYCLE_ACCIDENT,MOTORCYCLE_ACCIDENT,TRUCK_ACCIDENT,NOT_PRIVATE_PROPERTY,ALCOHOL_INVOLVED,STWD_VEHTYPE_AT_FAULT,CHP_VEHTYPE_AT_FAULT,COUNT_SEVERE_INJ,COUNT_VISIBLE_INJ,COUNT_COMPLAINT_PAIN,COUNT_PED_KILLED,COUNT_PED_INJURED,COUNT_BICYCLIST_KILLED,COUNT_BICYCLIST_INJURED,COUNT_MC_KILLED,COUNT_MC_INJURED,PRIMARY_RAMP,SECONDARY_RAMP,LATITUDE,LONGITUDE,COUNTY,CITY,POINT_X,POINT_Y
8100738,2016,2016-08-29,1102,2016-01-26,1711,402,,2,5,2,1102,0,0,0,,0,,"N BUTTE ST","W WILLOW ST",126.00,S,N,A,-,N,,,,,,,,,,Y,3,0,1,2,A,-,09,21804,A,N,B,C,A,A,H,-,B,D,0,,,,,Y,,A,01,0,1,0,0,0,0,0,0,0,"- ","- ",,,GLENN,WILLOWS,-122.19538738,39.522833980000001
8100766,2016,2016-08-22,1102,2016-05-24,1716,415,WILLO,2,5,2,1102,0,0,0,,0,001,"N TEHAMA ST","W SYCAMORE ST",0.00,,Y,A,-,N,,,,,,,,,,Y,3,0,1,2,A,-,12,21453,A,N,D,C,A,A,D,-,A,A,0,,,,,Y,,A,07,0,1,0,0,0,0,0,0,0,"- ","- ",,,GLENN,WILLOWS,-122.19389984999999,39.520529940000003
8100790,2016,2017-02-18,1102,2016-06-22,1335,402,,3,5,2,1102,0,0,0,,0,,"RT 162","N AIRPORT RD",0.00,,Y,A,-,Y,GLE,3,162,-,-,65.325,I,5,W,Y,4,0,2,2,A,-,12,21453,A,N,D,C,A,A,H,-,A,A,0,,,,,Y,,A,01,0,0,2,0,0,0,0,0,0,"- ","- ",,,GLENN,WILLOWS,-122.21847547,39.524270459999997
8100911,2016,2016-08-16,1102,2016-07-20,1657,402,,3,5,2,1102,0,0,0,,0,,"S VILLA AV","W SYCAMORE ST",338.00,S,N,A,-,N,,,,,,,,,,Y,3,0,1,1,A,-,05,21650,,N,B,I,A,A,H,-,A,D,0,,,,,Y,,-,,0,1,0,0,0,0,0,0,0,"- ","- ",,,GLENN,WILLOWS,-122.20888062,39.519551790000001
8100961,2016,2016-08-16,1102,2016-06-22,2324,402,,3,5,2,1102,0,0,0,,0,,"S MARSHALL AV","BIRCH ST",191.00,S,N,A,-,N,,,,,,,,,,Y,3,0,1,2,A,-,05,21650,,N,C,E,A,A,H,-,D,D,0,,,,,Y,,A,07,0,1,0,0,0,0,0,0,0,"- ","- ",,,GLENN,WILLOWS,-122.20177187,39.514895500000002
8104307,2016,2016-08-29,1102,2016-01-24,1800,402,,7,5,2,1102,0,0,0,,0,,"S BUTTE ST","W SYCAMORE ST",0.00,,Y,B,-,N,,,,,,,,,,N,4,0,1,2,A,-,10,21950,A,N,G,B,B,B,H,-,C,D,0,Y,,,,Y,,A,01,0,0,1,0,1,0,0,0,0,"- ","- ",,,GLENN,WILLOWS,-122.19536993,39.520539890000002
8107565,2016,2016-08-22,1102,2016-05-31,1015,415,1102,2,5,2,1102,0,0,0,,0,001,"SYCAMORE ST","S SACRAMENTO ST",0.00,,Y,A,-,N,,,,,,,,,,Y,3,0,3,2,A,-,09,21802,A,N,D,C,A,A,H,-,A,D,0,,,,,Y,,A,01,0,1,2,0,0,0,0,0,0,"- ","- ",,,GLENN,WILLOWS,-122.18943994,39.52058993
8107617,2016,2017-02-18,1102,2016-05-18,0942,TALVES,WILLO,3,5,2,1102,0,0,0,,0,,"W WOOD ST","BUTTE ST",76.00,W,N,A,-,Y,GLE,3,162,-,-,66.540,H,-,W,Y,4,0,1,2,A,-,03,22350,,N,C,C,A,A,H,-,A,D,0,,,,,Y,,A,01,0,0,1,0,0,0,0,0,0,"- ","- ",,,GLENN,WILLOWS,-122.19581533,39.524262219999997
8112697,2016,2016-11-03,1101,2016-08-25,0611,BS,,4,5,2,1101,0,0,0,,0,,"RT 99","ALMOND WY",0.00,,Y,A,-,N,,,,,,,,,,Y,4,0,1,3,A,-,03,22350,,N,C,C,A,A,H,-,B,D,0,,,,,Y,,A,01,0,0,1,0,0,0,0,0,0,"- ","- ",,,GLENN,ORLAND,,
8112833,2016,2017-02-24,1101,2016-08-02,1058,503,GLENN,2,5,2,1101,0,0,0,,0,CITY,"EAST WALKER ST","EAST ST",0.00,,Y,A,-,Y,GLE,3,32,-,-,0.550,I,5,W,Y,3,0,2,2,A,-,12,21453,A,N,D,C,A,A,H,-,A,A,0,,,,,Y,,A,08,0,1,1,0,0,0,0,0,0,"- ","- ",,,GLENN,ORLAND,-122.18722126,39.747396389999999
8112861,2016,2017-02-24,1101,2016-08-12,2211,505,OPD,5,5,2,1101,0,0,0,,0,CITY,"NEWVILLE RD","TEHAMA ST",65.00,W,N,A,-,Y,GLE,3,32,-,R,0.230,H,-,W,N,3,0,1,2,A,-,09,21804,A,N,F,I,A,A,H,-,C,D,0,,,Y,,Y,,A,01,0,1,0,0,0,0,0,0,1,"- ","- ",,,GLENN,ORLAND,-122.2018575,39.749270680000002
8142571,2016,2016-11-16,1101,2016-09-13,1602,511,1101,2,5,2,1101,0,0,0,,0,,"YOLO ST","4TH ST",0.00,,Y,A,-,N,,,,,,,,,,Y,4,0,1,2,A,-,08,22107,,N,D,D,A,A,H,-,A,A,0,,,,,Y,,A,01,0,0,1,0,0,0,0,0,0,"- ","- ",,,GLENN,ORLAND,-122.19415992,39.743899990000003
8164898,2016,2016-11-14,1101,2016-10-31,1807,508,,1,5,2,1101,0,0,0,,0,ORLAND,"NEWVILLE RD","8TH ST",0.00,,Y,C,-,N,,,,,,,,,,N,3,0,1,2,A,-,10,21950,A,N,G,B,B,B,H,-,B,A,0,Y,,,,Y,,D,22,0,1,0,0,1,0,0,0,0,"- ","- ",,,GLENN,ORLAND,-122.19942995,39.748039890000001
8165643,2016,2016-12-01,1102,2016-09-14,1714,402,,3,5,2,1102,0,0,0,,0,,"W WOOD ST","N ENRIGHT AV",0.00,,Y,A,-,N,,,,,,,,,,Y,3,0,1,2,A,-,09,21802,A,N,F,C,A,A,H,-,A,D,0,,,,,Y,,A,07,0,1,0,0,0,0,0,0,0,"- ","- ",,,GLENN,WILLOWS,-122.20748987,39.524219930000001
8166388,2016,2016-11-15,1102,2016-10-12,1424,402,,3,5,2,1102,0,0,0,,0,,"E WALNUT ST","N YOLO ST",0.00,,Y,A,-,N,,,,,,,,,,N,3,0,1,2,A,-,09,21800,B,N,D,C,A,A,H,-,A,D,0,,,,,Y,,A,07,0,1,0,0,0,0,0,0,0,"- ","- ",,,GLENN,WILLOWS,-122.19086994,39.521919949999997
8169524,2016,2017-03-06,1102,2016-08-15,1924,402,,1,5,2,1102,0,0,0,,0,,"W WOOD ST","N BUTTE ST",0.00,,Y,A,-,Y,GLE,3,162,-,-,66.540,H,-,E,N,2,0,1,2,A,-,10,21950,A,N,G,B,B,A,H,-,B,D,0,Y,,,,Y,,A,01,1,0,0,0,1,0,0,0,0,"- ","- ",,,GLENN,WILLOWS,-122.19581506999999,39.524183579999999
8320122,2017,2018-02-07,1101,2017-02-16,1902,SJ,ORLAN,4,5,2,1101,0,0,0,,0,CITY,"NEWVILLE RD","8TH ST",0.00,,Y,A,-,Y,GLE,3,32,-,R,0.409,I,5,W,N,2,0,1,2,A,-,11,21453,D,F,G,B,B,A,H,-,C,A,0,Y,,,,Y,,N,60,1,0,0,0,1,0,0,0,0,"- ","- ",,,GLENN,ORLAND,-122.19923077,39.747958449999999
8326056,2017,2017-04-21,1101,2017-02-10,0935,MLB,,5,5,2,1101,0,0,0,,0,,"EAST ST","ROOSEVELT AV",0.00,,Y,E,-,N,,,,,,,,,,Y,3,0,1,1,A,-,07,21658,A,N,E,I,A,B,H,-,A,D,0,,,,,Y,,D,22,0,1,0,0,0,0,0,0,0,"- ","- ",,,GLENN,ORLAND,-122.18753999,39.753039889999997
8331429,2017,2018-02-10,1101,2017-03-14,0756,502,ORLAN,2,5,2,1101,0,0,0,,0,,"RT 32","6TH ST",60.00,E,N,A,-,Y,GLE,3,32,-,-,0.020,H,-,E,Y,4,0,3,2,A,-,01,23152,F,N,C,C,A,A,H,-,A,A,0,,,,,Y,,D,22,0,0,3,0,0,0,0,0,0,"- ","- ",,,GLENN,ORLAND,-122.19716870000001,39.74737228
8371958,2017,2018-04-24,1101,2017-04-07,1953,503,ORLAN,5,5,2,1101,0,0,0,,0," CITY","WALKER ST","EAST ST",117.00,W,N,C,-,Y,GLE,3,32,-,-,0.510,H,-,W,Y,4,0,1,2,A,-,09,21804,A,N,D,C,A,B,H,-,C,D,0,,,,,Y,,A,07,0,0,1,0,0,0,0,0,0,"- ","- ",,,GLENN,ORLAND,-122.1879642,39.747404539999998
8373141,2017,2017-06-02,1101,2017-05-09,0811,503,ORLAN,2,5,2,1101,0,0,0,,0,CITY,"3RD ST","MONTEREY ST",0.00,,Y,A,-,N,,,,,,,,,,N,2,0,1,2,A,-,10,21950,A,N,G,B,B,A,H,-,A,D,0,Y,,,,Y,,D,22,1,0,0,0,1,0,0,0,0,"- ","- ",,,GLENN,ORLAND,-122.19276996000001,39.752119999999998
8376271,2017,2018-03-27,1101,2017-05-08,1652,503,ORLAN,1,5,2,1101,0,0,0,,0,CITY,"EAST WALKER ST","PAPST AV",386.00,W,N,A,-,Y,GLE,3,32,-,-,0.950,H,-,E,Y,2,0,2,3,A,-,04,21703,,F,C,C,A,A,H,-,A,D,0,,,,,Y,,A,01,1,1,0,0,0,0,0,0,0,"- ","- ",,,GLENN,ORLAND,-122.17974096,39.747267409999999
8416598,2017,2017-07-31,1101,2017-05-31,1952,TR,,3,5,2,1101,0,0,0,,0,,"WINTERPINE DR","WINTERPINE DR 996",0.00,,Y,A,-,N,,,,,,,,,,N,2,0,1,2,A,-,00,23103,A,N,H,A,A,A,H,-,B,D,0,,,,,Y,,A,01,1,0,0,0,0,0,0,0,0,"- ","- ",,,GLENN,ORLAND,-122.20308064,39.756376510000003
8420587,2017,2018-04-09,1101,2017-06-06,1637,SJ,ORLAN,2,5,2,1101,0,0,0,,0,CITY,"EAST WALKER ST","WOODWARD AV",586.00,W,N,A,-,Y,GLE,3,32,-,-,0.710,H,-,E,Y,3,0,2,2,A,-,09,21804,A,N,D,C,A,A,H,-,A,D,0,,,,,Y,,A,01,0,2,0,0,0,0,0,0,0,"- ","- ",,,GLENN,ORLAND,-122.18425236,39.747312710000003
8462926,2017,2017-10-30,1101,2017-09-26,1911,DM,ORLAN,2,5,2,1101,0,0,0,,0,ORLAND,"A ST","COLUSA ST",0.00,,Y,A,-,N,,,,,,,,,,N,2,0,2,3,A,-,12,22450,A,F,D,C,A,A,H,-,B,A,0,,,,,Y,,A,01,1,0,1,0,0,0,0,0,0,"- ","- ",,,GLENN,ORLAND,-122.18893995000001,39.74626997
8469494,2018,2018-08-01,1101,2018-02-03,1640,505,ORLAN,6,5,2,1101,0,0,0,,0,CITY,"WALKER ST","A ST",20.00,E,N,A,B,Y,GLE,3,32,-,-,0.046,I,6,E,Y,3,0,1,1,A,-,05,21650,,N,E,I,A,A,H,-,A,A,0,,,,,Y,,A,01,0,1,0,0,0,0,0,0,0,"- ","- ",,,GLENN,ORLAND,-122.19667816162109,39.747367858886719
8485763,2017,2018-07-09,1101,2017-10-21,1538,502,1101,6,5,2,1101,0,0,0,,0,,"RT 32","4TH ST",0.00,,Y,A,-,Y,GLE,3,32,-,R,8.560,I,5,E,Y,3,0,2,2,A,-,01,23153,B,N,D,C,A,A,H,-,A,A,0,,,,,Y,Y,A,01,0,1,1,0,0,0,0,0,0,"- ","- ",,,GLENN,ORLAND,-122.0353989,39.744765559999998
8486180,2017,2018-07-09,1101,2017-10-20,0920,502,1101,5,5,2,1101,0,0,0,,0,,"WALKER ST","4TH ST",0.00,,Y,A,-,Y,GLE,3,32,-,R,8.560,I,5,E,Y,3,0,2,2,A,-,09,21802,A,N,B,C,A,A,H,-,A,A,0,,,,,Y,,A,01,0,1,1,0,0,0,0,0,0,"- ","- ",,,GLENN,ORLAND,-122.0353989,39.744765559999998
8665197,2018,2018-10-26,1101,2018-08-04,1422,DM,,6,5,2,1101,0,0,0,,0,ORLAND,"WALKER ST","EAST ST",0.00,,Y,A,-,Y,GLE,3,32,-,-,0.550,I,5,E,Y,4,0,2,2,A,-,12,21453,A,N,D,C,A,A,H,-,A,A,0,,,,,Y,,A,01,0,0,2,0,0,0,0,0,0,"- ","- ",,,GLENN,ORLAND,-122.18722534179688,39.747325897216797
8691746,2018,2018-10-05,1101,2018-08-11,0033,KFF,1101,6,5,2,1101,0,0,0,,0,,"E YOLO ST","WALNUT AV",0.00,,Y,F,-,N,,,,,,,,,,Y,3,0,3,2,A,-,01,23153,B,N,D,C,A,A,H,-,C,D,0,,,,,Y,Y,A,01,0,2,1,0,0,0,0,0,0,"- ","- ",,,GLENN,ORLAND,-122.18448638916016,39.743709564208984
8695586,2018,2018-09-19,1101,2018-05-27,1110,TR,ORLAN,7,5,2,1101,0,0,0,,0,,"NEWVILLE RD","9TH ST",0.00,,Y,A,-,N,,,,,,,,,,Y,4,0,1,2,A,-,09,21804,A,N,A,C,A,A,H,-,A,A,0,,,,,Y,,A,01,0,0,1,0,0,0,0,0,0,"- ","- ",,,GLENN,ORLAND,-122.2021484375,39.74932861328125
8696184,2018,2018-10-18,1101,2018-06-26,1234,DM,1101,2,5,2,1101,0,0,0,,0,ORLAND,"EAST WALKER ST","PAPST AV",0.00,,Y,A,-,Y,GLE,3,32,-,-,1.020,I,5,E,Y,2,0,2,2,A,-,12,21453,A,N,D,C,A,A,H,-,A,A,0,,,,,Y,,A,01,1,0,1,0,0,0,0,0,0,"- ","- ",,,GLENN,ORLAND,-122.17841339111328,39.747257232666016
8696239,2018,2018-10-18,1101,2018-03-20,1123,TR,,2,5,2,1101,0,0,0,,0,,"WALKER ST","4TH ST",0.00,,Y,B,C,Y,GLE,3,32,-,-,0.160,H,-,W,N,3,0,1,2,A,-,17,22517,,N,B,C,A,B,H,-,A,D,0,,Y,,,Y,,D,22,0,1,0,0,0,0,1,0,0,"- ","- ",,,GLENN,ORLAND,-122.19451141357422,39.747425079345703
8735771,2019,2019-02-11,1101,2019-01-25,2110,BS,,5,5,2,1101,0,0,0,,0,,"SOUTH ST","COUNTY RD K 1/2",195.00,W,N,A,-,N,,,,,,,,,,Y,2,0,2,4,A,-,05,21650,,N,C,B,F,A,H,-,D,D,0,Y,,,,Y,Y,A,01,1,0,1,0,2,0,0,0,0,"- ","- ",,,GLENN,ORLAND,-122.1904296875,39.740135192871094
8779456,2018,2019-02-11,1101,2018-11-15,1035,SJ,ORLAN,4,5,2,1101,0,0,0,,0,,"6TH ST","YOLO ST",84.00,S,N,F,-,N,,,,,,,,,,Y,4,0,1,2,A,-,04,21703,,N,C,C,A,A,H,-,A,D,0,,,,,Y,,A,01,0,0,1,0,0,0,0,0,0,"- ","- ",,,GLENN,ORLAND,-122.19757843017578,39.743881225585938
8787004,2018,2019-02-11,1101,2018-12-12,1700,510,ORLAN,3,5,2,1101,0,0,0,,0,CITY,"6TH ST","W MONTEREY ST",121.00,N,N,A,-,N,,,,,,,,,,Y,2,0,1,2,A,-,01,21200,5,N,D,G,A,A,H,-,D,D,0,,Y,,,Y,Y,L,04,1,0,0,0,0,0,1,0,0,"- ","- ",,,GLENN,ORLAND,-122.19700622558594,39.753280639648438
8787016,2018,2019-02-11,1101,2018-12-07,1723,502,1101,5,5,2,1101,0,0,0,,0,,"SOUTH ST","6TH ST",123.00,E,N,A,-,N,,,,,,,,,,N,2,0,1,2,A,-,08,22107,,N,H,G,A,A,H,-,C,A,0,,Y,,,Y,,L,04,1,0,0,0,0,0,1,0,0,"- ","- ",,,GLENN,ORLAND,-122.19685363769531,39.740242004394531
8794208,2018,2019-02-22,1101,2018-12-06,1652,511,ORLAN,4,5,2,1101,0,0,0,,0,CITY,"WALKER ST","A ST",0.00,,Y,A,-,Y,GLE,3,32,-,-,0.460,I,5,E,Y,4,0,2,3,A,-,03,22350,,N,C,C,A,A,H,-,B,A,0,,,,,Y,,A,01,0,0,2,0,0,0,0,0,0,"- ","- ",,,GLENN,ORLAND,-122.18889617919922,39.747333526611328
8828851,2019,2019-04-17,1101,2019-03-05,2315,BS,,2,5,2,1101,0,0,0,,0,,"EAST SHASTA ST","WOODWARD AV",338.00,E,N,C,-,N,,,,,,,,,,Y,4,0,1,5,A,-,05,21650,,N,A,E,A,A,H,-,C,D,0,,,,,Y,,A,08,0,0,1,0,0,0,0,0,0,"- ","- ",,,GLENN,ORLAND,-122.18202972412109,39.750949859619141
8838334,2019,2019-05-22,1101,2019-03-14,1350,KEF,1101,4,5,2,1101,0,0,0,,0,,"NEWVILLE RD","6TH ST",34.00,W,N,A,-,Y,GLE,3,32,-,R,0.510,H,-,E,N,4,0,1,2,A,-,04,21703,,N,C,C,A,A,H,-,A,A,0,,,,,Y,Y,A,07,0,0,1,0,0,0,0,0,0,"- ","- ",,,GLENN,ORLAND,-122.19747161865234,39.74737548828125
90005109,2015,2015-10-19,9160,2015-07-08,0735,018256,,3,1,9,1100,0,1,3,,1,010,"HIGHWAY 45","COUNTY ROAD 26",3168.00,S,N,A,-,Y,,,,,,,,,,Y,3,0,1,1,A,-,08,22107,,N,F,A,A,A,H,-,A,D,0,,,,,Y,,A,01,0,1,0,0,0,0,0,0,0,"- ","- ",39.675330000000002,-122.00583,GLENN,UNINCORPORATED,-122.00568251,39.675426199999997
90006222,2015,2015-10-19,9160,2015-07-27,1515,018737,,1,2,9,1100,0,3,5,,2,007,"COUNTY ROAD 61","COUNTY ROAD SS",2112.00,W,N,A,-,N,,,,,,,,,,Y,3,0,1,1,A,-,08,22107,,N,E,I,A,A,H,-,A,D,0,,,,,Y,,D,23,0,1,0,0,0,0,0,0,0,"- ","- ",39.462940000000003,-122.09992,GLENN,UNINCORPORATED,-122.09987104,39.46297861
90006608,2015,2015-10-19,9160,2015-07-24,1158,017577,,5,1,9,1100,0,1,1,,2,004,"INTERSTATE 5 N/B","COUNTY ROAD 48 OVERCROSSING",1233.00,N,N,A,-,Y,,,5,,,,,,N,Y,3,0,1,1,A,-,08,22107,,N,F,A,A,A,H,-,A,D,0,,,,,Y,,D,22,0,1,0,0,0,0,0,0,0,"- ","- ",39.547510000000003,-122.21472,GLENN,UNINCORPORATED,-122.2146561,39.547510000000003
90006929,2015,2015-10-19,9160,2015-07-28,1541,018737,,2,2,9,1100,0,1,3,,1,008,SR-32,"IRVINE FINCH RIVER ACCESS RD.",430.00,W,N,A,-,Y,,,32,,,,,,,Y,3,0,2,2,A,-,09,21804,A,N,D,C,A,A,H,-,A,D,0,,,,,Y,,A,07,0,1,1,0,0,0,0,0,0,"- ","- ",39.749009999999998,-122.00342999999999,GLENN,UNINCORPORATED,-122.00345265,39.749089009999999
90008271,2015,2015-10-19,9160,2015-08-02,0010,019041,,7,3,9,1100,0,1,1,,2,006,"INTERSTATE 5 NB","COUNTY RD. 3",300.00,N,N,A,-,Y,,,5,,,,,,N,Y,3,0,1,1,A,-,01,23152,E,N,E,J,A,A,H,-,D,D,0,,,,,Y,,A,01,0,1,0,0,0,0,0,0,0,"- ","- ",39.79569,-122.20162000000001,GLENN,UNINCORPORATED,-122.2014427,39.795637319999997
90008313,2015,2015-10-19,9160,2015-07-25,1730,018895,,6,2,9,1100,0,1,1,,2,002,I-5,"COUNTY ROAD 68",528.00,S,N,A,-,Y,,,5,,,,,,,Y,3,0,1,1,A,-,08,22107,,N,E,I,A,A,H,-,A,D,0,,,,,Y,,A,07,0,1,0,0,0,0,0,0,0,"- ","- ",39.402830000000002,-122.19535,GLENN,UNINCORPORATED,-122.19526009,39.402850460000003
90008640,2015,2015-10-19,9160,2015-08-01,1247,017577,,6,1,9,1100,0,1,1,,2,006,"INTERSTATE 5 N/B","COUNTY ROAD 24 OVER CROSSING",40.00,N,N,A,-,Y,,,5,,,,,,N,Y,4,0,1,1,A,-,08,22107,,F,E,I,A,A,H,-,A,D,0,,,,,Y,,A,07,0,0,1,0,0,0,0,0,0,"- ","- ",39.711840000000002,-122.20589,GLENN,UNINCORPORATED,-122.20599605,39.71184161
90009045,2015,2015-10-19,9160,2015-08-10,1555,018174,,1,2,9,1100,0,3,5,,2,001,SR-32,"COUNTY ROAD P",0.00,,Y,A,-,Y,,,32,,,,,,,Y,4,0,1,2,A,-,09,21802,A,N,D,C,A,A,H,-,A,A,0,,,,,Y,,M,46,0,0,1,0,0,0,0,0,0,"- ","- ",39.746989999999997,-122.14122,GLENN,UNINCORPORATED,-122.14122014,39.746963729999997
90009068,2015,2015-10-19,9160,2015-08-16,1513,018737,,7,2,9,1100,0,1,3,,1,010,SR-45,"ORD FERRY RD.",0.00,,Y,A,-,Y,,,45,,,,,,,Y,4,0,1,2,A,-,09,21802,A,N,D,C,A,A,H,-,A,D,0,,,,,Y,,A,07,0,0,1,0,0,0,0,0,0,"- ","- ",39.630099999999999,-122.00694,GLENN,UNINCORPORATED,-122.00695028,39.630100380000002
90013325,2015,2015-10-19,9160,2015-08-21,2132,013178,,5,2,9,1100,0,1,1,,2,002,"INTERSTATE 5","COUNTY ROAD 60",504.00,S,N,A,-,Y,,,5,,,,,,,Y,3,0,2,1,A,-,08,22107,,N,F,A,A,A,H,-,D,D,0,,,,,Y,,A,08,0,1,1,0,0,0,0,0,0,"- ","- ",39.464030000000001,-122.19562000000001,GLENN,UNINCORPORATED,-122.19554271,39.464038340000002
90013824,2015,2015-10-19,9160,2015-08-22,1815,017692,,6,2,9,1100,0,3,5,,2,005,"1ST. AVE.","COUNTY ROAD 6",109.00,N,N,A,-,N,,,,,,,,,,Y,2,0,1,1,A,-,01,23152,A,F,F,A,A,A,H,-,A,D,0,,,,,Y,Y,A,07,1,0,0,0,0,0,0,0,0,"- ","- ",39.786819999999999,-122.05242,GLENN,UNINCORPORATED,-122.05238021,39.786630510000002
90016433,2015,2015-10-19,9160,2015-08-28,1515,017692,,5,2,9,1100,0,3,5,,2,003,"COUNTY ROAD 200","COUNTY ROAD 306",3168.00,E,N,A,-,N,,,,,,,,,,Y,2,0,1,1,A,-,08,22107,,N,F,A,A,A,H,-,A,D,0,,,,,Y,,D,22,1,0,0,0,0,0,0,0,0,"- ","- ",39.789839999999998,-122.50767,GLENN,UNINCORPORATED,-122.50954813,39.789997929999998
90023276,2015,2015-10-19,9160,2015-09-16,2010,015118,,3,2,9,1100,0,3,5,,2,007,"CO. RD. 60","CO. RD. 99W",3168.00,E,N,A,-,N,,,,,,,,,,Y,3,0,1,1,A,-,08,22107,,N,E,I,A,B,H,-,D,D,0,,,,,Y,,D,22,0,1,0,0,0,0,0,0,0,"- ","- ",39.46566,-122.18015,GLENN,UNINCORPORATED,-122.18174581,39.465640280000002
90023403,2015,2015-10-19,9160,2015-09-17,1630,017692,,4,2,9,1100,0,1,1,,2,006,"I-5 N/B","COUNTY ROAD 25",398.00,S,N,A,-,Y,,,5,,,,,,N,Y,3,0,1,1,C,-,18,,,N,E,I,A,A,H,-,A,D,0,,,,,Y,,-,"- ",0,1,0,0,0,0,0,0,0,"- ","- ",39.695630000000001,-122.20523,GLENN,UNINCORPORATED,-122.20514086999999,39.695635260000003
90025458,2015,2015-10-19,9160,2015-09-25,0730,018704,,5,1,9,1100,0,3,5,,2,005,CR-203,"COUNTY ROAD 9",555.00,S,N,A,-,Y,,,,,,,,,,Y,3,0,1,1,A,-,01,23152,A,N,E,I,A,A,H,-,A,D,0,,,,,Y,Y,A,01,0,1,0,0,0,0,0,0,0,"- ","- ",39.76473,-122.029,GLENN,UNINCORPORATED,-122.02977481000001,39.765146940000001
90028608,2015,2015-10-19,9160,2015-10-02,1320,018704,,5,1,9,1100,0,3,5,,2,001,"I-5 N/B","COUNTY ROAD 7",500.00,N,N,A,G,Y,,,5,,,,,,N,Y,4,0,1,1,A,-,08,22107,,N,E,I,A,A,H,-,A,D,0,,,,,Y,,A,08,0,0,1,0,0,0,0,0,0,"- ","- ",39.786749999999998,-122.20390999999999,GLENN,UNINCORPORATED,-122.20400297,39.786770500000003
90031019,2015,2015-10-19,9160,2015-09-30,1640,018128,,3,2,9,1100,0,3,5,,2,007,"COUNTY ROAD 60","COUNTY ROAD P",5280.00,E,N,A,B,N,,,,,,,,,,Y,2,0,1,2,A,-,03,22350,,N,D,C,A,A,H,-,A,D,0,,,,Y,Y,,A,01,1,0,0,0,0,0,0,0,0,"- ","- ",39.464579999999998,-122.11698,GLENN,UNINCORPORATED,-122.11809076999999,39.464570000000002
90031467,2015,2015-10-19,9160,2015-10-12,0750,017577,,1,1,9,1100,0,1,3,,2,012,"STATE ROUTE 162 W/B","COUNTY ROAD Y",4224.00,W,N,A,-,Y,,,162,,,,,,W,Y,4,0,1,1,C,-,18,,,N,E,H,A,A,H,-,A,D,0,,,,,Y,,-,"- ",0,0,1,0,0,0,0,0,0,"- ","- ",39.464469999999999,-121.98157,GLENN,UNINCORPORATED,-121.98157034,39.464396979999997
90035769,2015,2016-03-08,9160,2015-10-12,2306,018174,,1,3,9,1100,0,3,5,,2,001,"6TH AVE","COUNTY RD 9",23.00,S,N,A,-,N,,,,,,,,,,Y,3,0,1,1,A,-,03,22350,,M,E,J,A,A,H,-,D,A,0,,,,,Y,Y,D,22,0,1,0,0,0,0,0,0,0,"- ","- ",39.768160000000002,-122.10983,GLENN,UNINCORPORATED,-122.10995792999999,39.76845703
9003628,2019,2020-06-29,1101,2019-10-25,1603,511,ORLAN,5,5,2,1101,0,0,0,,0,CITY,"WALKER ST","EAST ST",183.00,E,N,A,-,Y,GLE,3,32,-,-,0.580,H,-,W,N,4,0,1,2,A,-,04,21703,,N,C,C,A,A,H,-,A,A,0,,,,,Y,,A,01,0,0,1,0,0,0,0,0,0,"- ","- ",,,GLENN,ORLAND,-122.18666839599609,39.747394561767578
90041840,2015,2015-10-30,9160,2015-10-26,0805,015855,,1,1,9,1100,1,3,5,,2,001,"COUNTY ROAD 306","COUNTY ROAD 308",3168.00,S,N,A,-,N,,,,,,,,,,N,4,0,1,1,C,-,18,,,N,E,H,A,A,H,-,A,D,0,,,,,Y,,-,"- ",0,0,1,0,0,0,0,0,0,"- ","- ",39.586370000000002,-122.53619,GLENN,UNINCORPORATED,-122.53681614,39.587086419999999
90042781,2015,2015-11-02,9160,2015-10-23,0700,017334,,5,1,9,1100,0,3,5,,2,001,"COUNTY ROAD D","COUNTY ROAD 57",7392.00,S,N,A,-,N,,,,,,,,,,Y,3,0,1,1,A,-,08,22107,,N,F,A,A,A,H,-,B,D,0,,,,,Y,,A,01,0,1,0,0,0,0,0,0,0,"- ","- ",39.47739,-122.24892,GLENN,UNINCORPORATED,-122.24894870999999,39.474539640000003
9004364,2019,2020-05-20,1101,2019-08-07,1811,503,ORL,3,5,2,1101,0,0,0,,0,CITY,"EAST WALKER ST","WOODWARD AV",116.00,W,N,A,-,Y,GLE,3,32,-,-,0.800,H,-,W,N,3,0,1,2,A,-,11,21954,A,N,G,B,D,A,H,-,A,A,0,Y,,,,Y,,N,60,0,1,0,0,1,0,0,0,0,"- ","- ",,,GLENN,ORLAND,-122.18257904052734,39.747371673583984