CASE_ID,ACCIDENT_YEAR,PROC_DATE,JURIS,COLLISION_DATE,COLLISION_TIME,OFFICER_ID,REPORTING_DISTRICT,DAY_OF_WEEK,CHP_SHIFT,POPULATION,CNTY_CITY_LOC,SPECIAL_COND,BEAT_TYPE,CHP_BEAT_TYPE,CITY_DIVISION_LAPD,CHP_BEAT_CLASS,BEAT_NUMBER,PRIMARY_RD,SECONDARY_RD,DISTANCE,DIRECTION,INTERSECTION,WEATHER_1,WEATHER_2,STATE_HWY_IND,CALTRANS_COUNTY,CALTRANS_DISTRICT,STATE_ROUTE,ROUTE_SUFFIX,POSTMILE_PREFIX,POSTMILE,LOCATION_TYPE,RAMP_INTERSECTION,SIDE_OF_HWY,TOW_AWAY,COLLISION_SEVERITY,NUMBER_KILLED,NUMBER_INJURED,PARTY_COUNT,PRIMARY_COLL_FACTOR,PCF_CODE_OF_VIOL,PCF_VIOL_CATEGORY,PCF_VIOLATION,PCF_VIOL_SUBSECTION,HIT_AND_RUN,TYPE_OF_COLLISION,MVIW,PED_ACTION,ROAD_SURFACE,ROAD_COND_1,ROAD_COND_2,LIGHTING,CONTROL_DEVICE,CHP_ROAD_TYPE,PEDESTRIAN_ACCIDENT,BICYCLE_ACCIDENT,MOTORCYCLE_ACCIDENT,TRUCK_ACCIDENT,NOT_PRIVATE_PROPERTY,ALCOHOL_INVOLVED,STWD_VEHTYPE_AT_FAULT,CHP_VEHTYPE_AT_FAULT,COUNT_SEVERE_INJ,COUNT_VISIBLE_INJ,COUNT_COMPLAINT_PAIN,COUNT_PED_KILLED,COUNT_PED_INJURED,COUNT_BICYCLIST_KILLED,COUNT_BICYCLIST_INJURED,COUNT_MC_KILLED,COUNT_MC_INJURED,PRIMARY_RAMP,SECONDARY_RAMP,LATITUDE,LONGITUDE,COUNTY,CITY,POINT_X,POINT_Y
91011759,2019,2019-06-17,9160,2019-06-06,1552,018895,,4,2,9,1100,0,2,4,,2,016,"COUNTY ROAD 99W","COUNTY ROAD 9",388.00,N,N,A,-,N,,,,,,,,,,N,4,0,1,2,A,-,08,22107,,N,D,C,A,A,B,D,A,D,0,,,,,Y,,A,01,0,0,1,0,0,0,0,0,0,"- ","- ",39.770111083984375,-122.19673919677734,GLENN,UNINCORPORATED,-122.19671630859375,39.770114898681641
91011823,2019,2019-06-17,9160,2019-06-09,0530,014900,,7,3,9,1100,0,3,5,,2,005,"COUNTY ROAD 203","COUNTY ROAD 9",165.00,S,N,A,-,N,,,,,,,,,,Y,4,0,1,1,C,-,18,,,N,F,A,A,A,H,-,B,D,0,,,Y,,Y,,-,"- ",0,0,1,0,0,0,0,0,1,"- ","- ",39.766159057617188,-122.03070831298828,GLENN,UNINCORPORATED,-122.03054809570312,39.766033172607422
91013717,2019,2019-06-20,9160,2019-06-17,0430,015118,,1,3,9,1100,0,1,1,,2,002,"I-5 N/B","CO. RD. 60",2640.00,S,N,A,-,Y,,,5,,,,,,N,Y,3,0,1,1,A,-,08,22107,,N,E,I,A,A,H,-,D,D,0,,,,,Y,,D,22,0,1,0,0,0,0,0,0,0,"- ","- ",39.458381652832031,-122.19365692138672,GLENN,UNINCORPORATED,-122.1937255859375,39.458366394042969
91017762,2019,2019-06-26,9160,2019-06-25,0740,020318,,2,1,9,1100,0,1,3,,1,010,"STATE HIGHWAY 45","COUNTY ROAD 48",1250.00,N,N,A,-,Y,,,45,,,,,,,Y,4,0,1,2,A,-,03,22350,,N,C,C,A,A,H,-,A,D,0,,,,,Y,,D,22,0,0,1,0,0,0,0,0,0,"- ","- ",39.538639068603516,-122.00845336914062,GLENN,UNINCORPORATED,-122.00845336914062,39.538639068603516
91023302,2019,2019-07-02,9160,2019-06-22,1432,019742,,6,2,9,1100,0,1,3,,2,014,SR-162,"COUNTY ROAD 304",16368.00,E,N,A,-,Y,,,162,,,,,,,Y,2,0,1,1,A,-,01,23152,A,N,E,I,A,A,H,-,A,D,0,,,,,Y,Y,A,01,1,0,0,0,0,0,0,0,0,"- ","- ",39.596839904785156,-122.48677062988281,GLENN,UNINCORPORATED,-122.48677062988281,39.596839904785156
91025280,2019,2019-07-05,9160,2019-06-27,1555,019718,,4,2,9,1100,0,1,3,,1,010,SR-45,"COUNTY ROAD 30 1/2",0.00,,Y,A,-,Y,,,45,,,,,,,Y,4,0,1,2,A,-,05,21460,C,N,D,C,A,A,H,-,A,D,0,,,,,Y,,A,07,0,0,1,0,0,0,0,0,0,"- ","- ",39.64508056640625,-122.00762176513672,GLENN,UNINCORPORATED,-122.00764465332031,39.64508056640625
91026262,2019,2019-07-08,9160,2019-06-30,1605,020318,,7,2,9,1100,0,3,5,,2,005,"COUNTY ROAD 9","COUNTY ROAD KK",265.00,W,N,A,-,N,,,,,,,,,,Y,4,0,1,1,A,-,01,23152,A,N,F,A,A,A,H,-,A,D,0,,,,,Y,Y,D,22,0,0,1,0,0,0,0,0,0,"- ","- ",39.768939971923828,-122.18464660644531,GLENN,UNINCORPORATED,-122.18801116943359,39.768970489501953
91027132,2019,2019-07-09,9160,2019-06-30,2350,020558,,7,3,9,1100,0,2,4,,2,016,"COUNTY ROAD 99W","COUNTY ROAD 9",3168.00,N,N,A,-,N,,,,,,,,,,Y,3,0,1,1,A,-,01,23152,A,N,E,I,A,A,H,-,D,D,0,,,,,Y,Y,A,01,0,1,0,0,0,0,0,0,0,"- ","- ",39.778068542480469,-122.19732666015625,GLENN,UNINCORPORATED,-122.19723510742188,39.777740478515625
91034006,2019,2019-07-19,9160,2019-07-06,1517,019742,,6,2,9,1100,0,2,4,,2,016,"COUNTY ROAD 99W","COUNTY ROAD 5",528.00,N,N,A,-,N,,,,,,,,,,Y,3,0,1,1,A,-,08,22107,,N,E,I,A,A,H,-,A,D,0,,,,,Y,,A,01,0,1,0,0,0,0,0,0,0,"- ","- ",39.790729522705078,-122.19759368896484,GLENN,UNINCORPORATED,-122.197509765625,39.790618896484375
91037956,2019,2019-07-25,9160,2019-07-22,0712,018294,,1,1,9,1100,0,1,3,,1,008,SR-32,"COUNTY ROAD RR",528.00,W,N,A,-,Y,,,,,,,,,,Y,4,0,1,2,A,-,03,22350,,N,C,C,A,A,H,-,A,D,0,,,,,Y,,A,01,0,0,1,0,0,0,0,0,0,"- ","- ",39.745590209960938,-122.11869049072266,GLENN,UNINCORPORATED,,
91045472,2019,2019-08-05,9160,2019-04-27,0819,019164,,6,1,9,1100,0,1,1,,2,006,"I-5 N/B","COUNTY ROAD 20",618.00,S,N,A,-,Y,,,5,,,,,,N,Y,1,1,1,2,A,-,03,22350,,N,C,C,A,A,H,-,A,D,0,,,,,Y,,A,07,0,0,1,0,0,0,0,0,0,"- ","- ",39.724330902099609,-122.20571136474609,GLENN,UNINCORPORATED,-122.20579528808594,39.724330902099609
91048561,2019,2019-08-09,9160,2019-08-01,1345,019043,,4,1,9,1100,0,2,4,,2,016,"CO RD 99W","CO RD 39",6.00,S,N,A,-,N,,,,,,,,,,N,4,0,1,2,A,-,03,22350,,N,C,C,A,A,H,-,A,D,0,,,,,Y,,D,22,0,0,1,0,0,0,0,0,0,"- ","- ",39.582408905029297,-122.19415283203125,GLENN,UNINCORPORATED,-122.19438171386719,39.583515167236328
91051476,2019,2019-08-13,9160,2019-08-01,0800,018128,,4,1,9,1100,0,3,5,,2,005,"COUNTY ROAD 24","COUNTY ROAD M",0.00,,Y,A,-,N,,,,,,,,,,Y,2,0,5,2,A,-,12,22450,A,N,D,C,A,A,H,-,A,A,0,,,,,Y,,A,01,2,3,0,0,0,0,0,0,0,"- ","- ",39.711101531982422,-122.17787170410156,GLENN,UNINCORPORATED,-122.178466796875,39.711029052734375
91055311,2019,2019-08-20,9160,2019-08-09,1730,019718,,5,2,9,1100,0,3,5,,2,007,"COUNTY ROAD 39","COUNTY ROAD W",450.00,W,N,A,-,N,,,,,,,,,,Y,3,0,1,2,A,-,03,22350,,N,C,C,A,A,H,-,A,D,0,,,,,Y,,D,22,0,1,0,0,0,0,0,0,0,"- ","- ",39.582500457763672,-122.04821014404297,GLENN,UNINCORPORATED,-122.04796600341797,39.582527160644531
91055869,2019,2019-08-20,9160,2019-08-11,1346,019742,,7,1,9,1100,0,2,4,,2,016,"COUNTY ROAD 99W","COUNTY ROAD 25",120.00,S,N,A,-,N,,,,,,,,,,Y,3,0,2,2,A,-,03,22350,,N,C,C,A,A,H,-,A,D,0,,,,,Y,,A,07,0,1,1,0,0,0,0,0,0,"- ","- ",39.696659088134766,-122.19642639160156,GLENN,UNINCORPORATED,-122.19644165039062,39.696578979492188
91056571,2019,2019-08-21,9160,2019-08-15,0730,018128,,4,1,9,1100,0,1,3,,1,008,"STATE ROUTE 32","GLENN-COLUSA CANAL",1584.00,W,N,A,-,Y,,,32,,,,,,,Y,4,0,1,3,A,-,03,22350,,N,C,C,A,A,H,-,A,D,0,,,,,Y,,A,01,0,0,1,0,0,0,0,0,0,"- ","- ",39.744579315185547,-122.02496337890625,GLENN,UNINCORPORATED,-122.02495574951172,39.744674682617188
91059826,2019,2019-08-26,9160,2019-08-16,0235,015118,,5,3,9,1100,0,3,5,,2,007,"CO. RD. 45","CO. RD. P",5280.00,W,N,A,-,N,,,,,,,,,,Y,2,0,1,1,A,-,01,23152,F,N,E,I,A,A,H,-,D,D,0,,,,,Y,,A,01,1,0,0,0,0,0,0,0,0,"- ","- ",39.553298950195312,-122.14321136474609,GLENN,UNINCORPORATED,-122.15560913085938,39.553340911865234
91060220,2019,2019-08-27,9160,2019-08-22,0445,017873,,4,3,9,1100,0,3,5,,2,007,"COUNTY ROAD 48 EB","COUNTY ROAD K K",2.00,E,N,A,-,N,,,,,,,,,,N,4,0,1,1,A,-,08,22107,,N,E,I,A,A,H,-,D,D,0,,,,,Y,,A,01,0,0,1,0,0,0,0,0,0,"- ","- ",39.538909912109375,-122.18869018554688,GLENN,UNINCORPORATED,-122.188720703125,39.53887939453125
91069640,2019,2019-09-06,9160,2019-08-13,0300,020558,,2,3,9,1100,0,1,1,,2,004,"INTERSTATE 5 N/B","STATE ROUTE 162",528.00,S,N,A,-,Y,,,5,,,,,,N,N,4,0,1,2,A,-,07,21658,A,N,C,C,A,A,H,-,D,D,0,,,,Y,Y,,-,"- ",0,0,1,0,0,0,0,0,0,"- ","- ",39.495189666748047,-122.19692230224609,GLENN,UNINCORPORATED,-122.19692230224609,39.495185852050781
91071811,2019,2019-09-10,9160,2019-09-01,1022,018895,,7,1,9,1100,0,3,5,,2,005,"COUNTY ROAD 16","COUNTY ROAD VV",0.00,,Y,A,-,N,,,,,,,,,,Y,2,0,1,2,A,-,01,23152,A,N,D,C,A,A,H,-,A,A,0,,,,Y,Y,Y,A,01,1,0,0,0,0,0,0,0,0,"- ","- ",39.737628936767578,-122.05718994140625,GLENN,UNINCORPORATED,-122.05729675292969,39.737518310546875
91072136,2019,2019-09-11,9160,2019-08-31,0803,018128,,6,1,9,1100,0,1,1,,2,006,"I-5 S/B","COUNTY ROAD 28",10.00,S,N,A,-,Y,,,5,,,,,,S,Y,4,0,1,3,A,-,08,22107,,N,C,C,A,A,H,-,A,D,0,,,,Y,Y,,A,07,0,0,1,0,0,0,0,0,0,"- ","- ",39.696918487548828,-122.20549011230469,GLENN,UNINCORPORATED,-122.20550537109375,39.696918487548828
91075306,2019,2019-10-01,9160,2019-09-04,1230,018128,,3,1,9,1100,0,1,1,,2,004,"I-5 N/B",SR-162,2640.00,S,N,B,-,Y,,,5,,,,,,N,Y,4,0,2,1,A,-,08,22107,,N,F,A,A,A,H,-,A,D,0,,,,,Y,,E,22,0,0,2,0,0,0,0,0,0,"- ","- ",39.519279479980469,-122.21398162841797,GLENN,UNINCORPORATED,-122.21401214599609,39.519268035888672
91075436,2019,2019-09-16,9160,2019-09-05,1118,016148,,4,1,9,1100,0,3,5,,2,001,"COUNTY ROAD 306","INDIAN SPRINGS ROAD",8976.00,N,N,A,-,N,,,,,,,,,,Y,4,0,1,1,A,-,08,22107,,N,E,I,A,A,H,-,A,D,0,,,,,Y,,A,01,0,0,1,0,0,0,0,0,0,"- ","- ",39.411540985107422,-122.54515838623047,GLENN,UNINCORPORATED,-122.54578399658203,39.409633636474609
91077424,2019,2019-09-18,9160,2019-09-11,0730,016148,,3,1,9,1100,0,1,3,,1,008,SR-32,SR-45,528.00,W,N,A,-,Y,,,32,,,,,,,N,4,0,1,3,A,-,03,22350,,N,C,C,A,A,H,-,A,D,0,,,,,Y,,A,01,0,0,1,0,0,0,0,0,0,"- ","- ",39.744548797607422,-122.02277374267578,GLENN,UNINCORPORATED,-122.02276611328125,39.744586944580078
91083296,2019,2019-09-25,9160,2019-09-14,0835,018128,,6,1,9,1100,0,3,5,,2,001,"COUNTY ROAD D","STATE ROUTE 162",2640.00,S,N,A,-,N,,,,,,,,,,Y,2,0,2,1,A,-,08,22107,,N,E,I,A,A,H,-,A,D,0,,,,,Y,,A,01,2,0,0,0,0,0,0,0,0,"- ","- ",39.514049530029297,-122.24916076660156,GLENN,UNINCORPORATED,-122.24919891357422,39.516899108886719
91084199,2019,2019-09-26,9160,2019-09-18,1750,019043,,3,2,9,1100,0,1,3,,1,008,SR-32,"COUNTY ROAD P",0.00,,Y,C,-,Y,,,32,,,,,,,Y,4,0,1,2,A,-,09,21802,A,N,D,C,A,B,H,-,A,A,0,,,,,Y,,A,01,0,0,1,0,0,0,0,0,0,"- ","- ",39.746669769287109,-122.14089965820312,GLENN,UNINCORPORATED,-122.14089965820312,39.746898651123047
91084214,2019,2019-09-26,9160,2019-09-19,0445,017873,,4,3,9,1100,0,1,1,,2,006,"INTERSTATE 5 SB",SR-32,220.00,S,N,A,-,Y,,,5,,,,,,S,Y,2,0,2,2,A,-,08,22107,,N,E,I,A,A,H,-,D,D,0,,,,,Y,,A,07,1,0,1,0,0,0,0,0,0,"- ","- ",39.750091552734375,-122.20558929443359,GLENN,UNINCORPORATED,-122.20568084716797,39.750091552734375
91086958,2019,2019-09-30,9160,2019-09-19,1143,014900,,4,1,9,1100,0,1,1,,2,002,"I-5 S/B","COUNTY ROAD 60",2112.00,N,N,A,-,Y,,,5,,,,,,S,Y,3,0,1,1,A,-,08,22107,,N,F,A,A,A,H,-,A,D,0,,,Y,,Y,,C,02,0,1,0,0,0,0,0,0,1,"- ","- ",39.470188140869141,-122.19606018066406,GLENN,UNINCORPORATED,-122.19599151611328,39.470191955566406
91088249,2019,2019-10-01,9160,2019-09-22,0345,017873,,7,3,9,1100,0,1,1,,2,004,"INTERSTATE 5 SB","COUNTY ROAD 35",3168.00,S,N,A,-,Y,,,5,,,,,,S,Y,3,0,2,1,A,-,08,22107,,N,E,I,A,A,H,-,D,D,0,,,,,Y,,A,07,0,2,0,0,0,0,0,0,0,"- ","- ",39.601089477539062,-122.20886993408203,GLENN,UNINCORPORATED,-122.20889282226562,39.601093292236328
91089330,2019,2019-10-02,9160,2019-09-22,2145,020735,,7,2,9,1100,0,1,3,,1,010,SR-45,"COUNTY ROAD 64",1584.00,N,N,A,-,Y,,,45,,,,,,,Y,4,0,1,2,C,-,18,,,N,A,C,A,A,H,-,D,D,0,,,,,Y,,-,"- ",0,0,1,0,0,0,0,0,0,"- ","- ",39.446601867675781,-122.01606750488281,GLENN,UNINCORPORATED,-122.01609802246094,39.446586608886719
91093166,2019,2019-10-08,9160,2019-09-28,1735,019043,,6,2,9,1100,0,3,5,,2,007,"CO RD P","CO RD 39",0.00,,Y,C,-,N,,,,,,,,,,Y,3,0,1,2,A,-,12,22450,A,N,D,C,A,B,H,-,A,A,0,,,,,Y,,D,22,0,1,0,0,0,0,0,0,0,"- ","- ",39.582481384277344,-122.13713836669922,GLENN,UNINCORPORATED,-122.13710784912109,39.582241058349609
91095045,2019,2019-10-10,9160,2019-10-01,2014,018895,,2,2,9,1100,0,1,1,,2,004,"I-5 N/B","WILSON CREEK",103.00,N,N,A,-,Y,,,5,,,,,,N,Y,2,0,1,1,A,-,08,22107,,N,F,A,A,A,H,-,D,D,0,,,,Y,Y,,G,25,1,0,0,0,0,0,0,0,0,"- ","- ",39.563980102539062,-122.21305847167969,GLENN,UNINCORPORATED,-122.21316528320312,39.563995361328125
91100028,2019,2019-10-17,9160,2019-10-07,1610,019718,,1,2,9,1100,0,3,5,,2,005,"COUNTY ROAD P","COUNTY ROAD 27",2550.00,N,N,A,-,N,,,,,,,,,,Y,2,0,1,1,A,-,01,23152,A,N,F,A,A,A,H,-,A,D,0,,,,,Y,Y,D,22,1,0,0,0,0,0,0,0,0,"- ","- ",39.688491821289062,-122.14025115966797,GLENN,UNINCORPORATED,-122.14019775390625,39.688552856445312
91101862,2019,2019-10-21,9160,2019-10-09,1640,019718,,3,2,9,1100,0,1,1,,2,006,"I-5 S/B","COUNTY ROAD 16",2112.00,S,N,A,-,Y,,,5,,,,,,S,Y,4,0,1,1,C,-,18,,,N,H,H,A,A,H,-,A,D,0,,,,,Y,,-,"- ",0,0,1,0,0,0,0,0,0,"- ","- ",39.735019683837891,-122.20584869384766,GLENN,UNINCORPORATED,-122.20591735839844,39.735019683837891
91104526,2019,2019-10-24,9160,2019-10-15,0936,018895,,2,1,9,1100,0,1,3,,1,008,SR-32,"WALSH AVE",179.00,E,N,A,-,Y,,,32,,,,,,,N,4,0,1,2,A,-,03,22350,,N,C,C,A,A,H,-,A,D,0,,,,,Y,,A,01,0,0,1,0,0,0,0,0,0,"- ","- ",39.746349334716797,-122.01255035400391,GLENN,UNINCORPORATED,-122.01258087158203,39.746448516845703
91108301,2019,2019-10-28,9160,2019-10-20,1840,020558,,7,2,9,1100,0,1,1,,2,006,"INTERSTATE 5","COUNTY ROAD 20",11.00,N,N,A,-,Y,,,5,,,,,,,Y,2,0,2,1,A,-,08,22107,,N,E,I,A,A,H,-,D,D,0,,,,,Y,,A,01,1,1,0,0,0,0,0,0,0,"- ","- ",39.725730895996094,-122.20610809326172,GLENN,UNINCORPORATED,-122.20606231689453,39.725730895996094
91110275,2019,2019-10-30,9160,2019-10-24,1155,014900,,4,1,9,1100,0,1,1,,2,006,"I-5 S/B",SR-32,3168.00,N,N,A,-,Y,,,5,,,,,,S,Y,3,0,1,2,A,-,03,22350,,N,C,C,A,A,H,-,A,D,0,,,,Y,Y,,A,07,0,1,0,0,0,0,0,0,0,"- ","- ",39.760501861572266,-122.20555877685547,GLENN,UNINCORPORATED,-122.20549774169922,39.760498046875
91113418,2019,2019-11-05,9160,2019-10-24,1455,019718,,4,2,9,1100,0,3,5,,2,001,"COUNTY ROAD 303",SR-162,1455.00,S,N,A,-,N,,,,,,,,,,Y,2,0,5,1,A,-,08,22107,,N,E,I,A,A,H,-,A,D,0,,,,,Y,,A,07,2,0,3,0,0,0,0,0,0,"- ","- ",39.583370208740234,-122.44789123535156,GLENN,UNINCORPORATED,-122.44783020019531,39.583358764648438
91116435,2019,2019-11-08,9160,2019-10-31,0920,017577,,4,1,9,1100,0,1,3,,1,010,"STATE ROUTE 45","COUNTY ROAD 32",0.00,,Y,A,-,Y,,,45,,,,,,,Y,3,0,1,2,A,-,09,21802,A,N,D,C,A,A,H,-,A,A,0,,,,Y,Y,,G,26,0,1,0,0,0,0,0,0,0,"- ","- ",39.630561828613281,-122.00685882568359,GLENN,UNINCORPORATED,-122.00693511962891,39.630561828613281
91118520,2019,2020-02-11,9160,2019-05-01,1415,019568,,3,2,9,1100,0,3,5,,2,005,"COUNTY ROAD 203","COUNTY ROAD 9",528.00,S,N,A,-,N,,,,,,,,,,Y,1,1,0,2,A,-,08,22107,,N,H,G,A,A,H,-,A,D,0,,Y,,,Y,,A,01,0,0,0,0,0,1,0,0,0,"- ","- ",39.764671325683594,-122.02924346923828,GLENN,UNINCORPORATED,-122.02983093261719,39.765209197998047
91119177,2019,2019-11-13,9160,2019-11-04,1625,020558,,1,2,9,1100,0,3,5,,2,005,"COUNTY ROAD 9","CO RD T",58.00,W,N,A,-,N,,,,,,,,,,Y,4,0,4,2,A,-,03,22350,,N,C,C,A,A,H,-,A,D,0,,,,,Y,,A,07,0,0,4,0,0,0,0,0,0,"- ","- ",39.7664794921875,-122.0855712890625,GLENN,UNINCORPORATED,-122.08564758300781,39.766532897949219
91119776,2019,2019-11-13,9160,2019-11-01,1445,019718,,5,2,9,1100,0,3,5,,2,007,"COUNTY ROAD 39","COUNTY ROAD P",0.00,,Y,A,-,N,,,,,,,,,,Y,2,0,4,2,A,-,12,22450,A,N,D,C,A,A,H,-,A,A,0,,,,,Y,,A,01,2,2,0,0,0,0,0,0,0,"- ","- ",39.582229614257812,-122.13715362548828,GLENN,UNINCORPORATED,-122.13710784912109,39.582241058349609
91120525,2019,2019-11-14,9160,2019-11-11,0640,016148,,1,1,9,1100,0,3,5,,2,005,"COUNTY ROAD P","COUNTY ROAD 200",169.00,S,N,A,-,N,,,,,,,,,,Y,3,0,2,3,A,-,03,22350,,N,C,C,A,A,H,-,A,A,0,,,,,Y,,A,07,0,1,1,0,0,0,0,0,0,"- ","- ",39.724338531494141,-122.14095306396484,GLENN,UNINCORPORATED,-122.247802734375,39.766334533691406
91122928,2019,2019-11-18,9160,2019-11-07,1150,014900,,4,1,9,1100,0,1,1,,2,006,"I-5 S/B","COUNTY ROAD 27",1886.00,S,N,A,-,Y,,,5,,,,,,S,Y,3,0,1,1,A,-,08,22107,,N,E,I,A,A,H,-,A,D,0,,,,,Y,,A,01,0,1,0,0,0,0,0,0,0,"- ","- ",39.677291870117188,-122.20485687255859,GLENN,UNINCORPORATED,-122.20476531982422,39.677291870117188
91123087,2019,2019-11-18,9160,2019-11-11,0220,020810,,1,3,9,1100,0,1,3,,2,012,SR-162,"COUNTY ROAD X",80.00,W,N,A,-,Y,,,162,,,,,,,Y,3,0,1,1,C,-,18,,,N,H,H,A,A,H,-,D,D,0,,,,,Y,,-,"- ",0,1,0,0,0,0,0,0,0,"- ","- ",39.521820068359375,-122.03317260742188,GLENN,UNINCORPORATED,-122.03317260742188,39.521823883056641
91124150,2019,2019-11-19,9160,2019-11-12,1705,019043,,2,2,9,1100,0,1,3,,1,008,SR-32,"CO RD RR",1584.00,W,N,A,-,Y,,,32,,,,,,,N,4,0,1,2,A,-,03,22350,,N,C,C,A,A,H,-,A,D,0,,,Y,,Y,,C,02,0,0,1,0,0,0,0,0,1,"- ","- ",39.746791839599609,-122.11911010742188,GLENN,UNINCORPORATED,-122.11911010742188,39.746772766113281
91126044,2019,2019-11-21,9160,2019-11-11,0520,014900,,1,3,9,1100,0,3,5,,2,005,"COUNTY ROAD 200","COUNTY ROAD P",0.00,,Y,A,-,N,,,,,,,,,,Y,3,0,2,2,A,-,09,21802,A,N,D,C,A,A,H,-,D,A,0,,,,,Y,,D,22,0,2,0,0,0,0,0,0,0,"- ","- ",39.725028991699219,-122.14108276367188,GLENN,UNINCORPORATED,-122.24772644042969,39.766788482666016
91130045,2019,2019-11-26,9160,2019-11-21,0923,014900,,4,1,9,1100,0,3,5,,2,005,"COUNTY ROAD P",SR-32,26.00,N,N,A,-,Y,,,,,,,,,,Y,3,0,2,2,A,-,03,22350,,N,C,C,A,A,H,-,A,A,0,,,,,Y,,A,01,0,2,0,0,0,0,0,0,0,"- ","- ",39.747180938720703,-122.1409912109375,GLENN,UNINCORPORATED,-122.14093780517578,39.746990203857422
91134946,2019,2019-12-03,9160,2019-11-24,1315,016148,,7,1,9,1100,0,3,5,,2,003,"COUNTY ROAD 200","COUNTY ROAD 206",1056.00,W,N,A,-,N,,,,,,,,,,Y,3,0,1,1,A,-,08,22107,,N,E,I,A,A,H,-,A,D,0,,,,,Y,,A,01,0,1,0,0,0,0,0,0,0,"- ","- ",39.783599853515625,-122.29737091064453,GLENN,UNINCORPORATED,-122.29776763916016,39.783882141113281
91139466,2019,2019-12-10,9160,2019-11-27,1740,019164,,3,2,9,1100,0,1,3,,1,008,SR-32,"6TH AVE",0.00,,Y,B,-,Y,,,32,,,,,,,Y,4,0,1,2,A,-,01,23152,A,N,D,C,A,A,H,-,C,D,0,,,,,Y,Y,E,22,0,0,1,0,0,0,0,0,0,"- ","- ",39.744949340820312,-122.09352111816406,GLENN,UNINCORPORATED,-122.09352111816406,39.744953155517578
91143441,2019,2019-12-13,9160,2019-12-04,1706,019164,,3,2,9,1100,0,2,4,,2,016,"HIGHWAY 99W","SOUTH ST",1056.00,S,N,B,-,N,,,,,,,,,,Y,3,0,2,2,A,-,03,22350,,N,C,C,A,B,H,-,D,D,0,,,,,Y,,A,01,0,1,1,0,0,0,0,0,0,"- ","- ",39.737171173095703,-122.19716644287109,GLENN,UNINCORPORATED,-122.19696044921875,39.7371826171875
91147422,2019,2019-12-19,9160,2019-12-05,1400,016473,,4,2,9,1100,0,3,5,,2,005,"COUNTY ROAD M","COUNTY ROAD 21",700.00,S,N,A,-,N,,,,,,,,,,N,4,0,1,2,A,-,08,22107,,F,G,B,E,A,C,-,A,D,0,Y,,,,Y,,-,99,0,0,1,0,1,0,0,0,0,"- ","- ",39.719940185546875,-122.17833709716797,GLENN,UNINCORPORATED,-122.16905975341797,39.718120574951172
91149170,2019,2019-12-20,9160,2019-12-14,0805,017577,,6,1,9,1100,0,1,1,,2,002,"INTERSTATE 5 NORTHBOUND","COUNTY ROAD 68",1056.00,S,N,B,-,Y,,,5,,,,,,N,Y,3,0,1,1,A,-,08,22107,,N,E,I,A,A,H,-,A,D,0,,,,,Y,,D,22,0,1,0,0,0,0,0,0,0,"- ","- ",39.403018951416016,-122.19487762451172,GLENN,UNINCORPORATED,-122.19495391845703,39.403003692626953
91154323,2019,2019-12-27,9160,2019-12-16,1435,019043,,1,2,9,1100,0,3,5,,2,005,"CO RD 9","CO RD L",187.00,E,N,A,-,N,,,,,,,,,,Y,4,0,1,1,A,-,08,22107,,N,E,I,A,A,H,-,A,D,0,,,,,Y,Y,A,01,0,0,1,0,0,0,0,0,0,"- ","- ",39.769001007080078,-122.18289184570312,GLENN,UNINCORPORATED,-122.18229675292969,39.768928527832031
91156779,2019,2019-12-31,9160,2019-12-22,2110,017873,,7,2,9,1100,0,1,3,,2,012,SR-162,"EUREKA ST",300.00,N,N,B,-,Y,,,162,,,,,,,N,2,0,2,1,A,-,08,22107,,N,E,I,A,B,H,-,C,A,0,,,,,Y,,A,01,2,0,0,0,0,0,0,0,0,"- ","- ",39.464218139648438,-121.99195861816406,GLENN,UNINCORPORATED,-121.99187469482422,39.464176177978516
91156792,2019,2019-12-31,9160,2019-12-23,1715,019043,,1,2,9,1100,0,3,5,,2,005,"6TH AVE",SR-32,3696.00,N,N,A,-,N,,,,,,,,,,Y,4,0,1,1,A,-,08,22107,,N,E,I,A,A,H,-,D,D,0,,,,,Y,,A,01,0,0,1,0,0,0,0,0,0,"- ","- ",39.251628875732422,-122.10089111328125,GLENN,UNINCORPORATED,-122.00698852539062,39.748043060302734