CASE_ID,ACCIDENT_YEAR,PROC_DATE,JURIS,COLLISION_DATE,COLLISION_TIME,OFFICER_ID,REPORTING_DISTRICT,DAY_OF_WEEK,CHP_SHIFT,POPULATION,CNTY_CITY_LOC,SPECIAL_COND,BEAT_TYPE,CHP_BEAT_TYPE,CITY_DIVISION_LAPD,CHP_BEAT_CLASS,BEAT_NUMBER,PRIMARY_RD,SECONDARY_RD,DISTANCE,DIRECTION,INTERSECTION,WEATHER_1,WEATHER_2,STATE_HWY_IND,CALTRANS_COUNTY,CALTRANS_DISTRICT,STATE_ROUTE,ROUTE_SUFFIX,POSTMILE_PREFIX,POSTMILE,LOCATION_TYPE,RAMP_INTERSECTION,SIDE_OF_HWY,TOW_AWAY,COLLISION_SEVERITY,NUMBER_KILLED,NUMBER_INJURED,PARTY_COUNT,PRIMARY_COLL_FACTOR,PCF_CODE_OF_VIOL,PCF_VIOL_CATEGORY,PCF_VIOLATION,PCF_VIOL_SUBSECTION,HIT_AND_RUN,TYPE_OF_COLLISION,MVIW,PED_ACTION,ROAD_SURFACE,ROAD_COND_1,ROAD_COND_2,LIGHTING,CONTROL_DEVICE,CHP_ROAD_TYPE,PEDESTRIAN_ACCIDENT,BICYCLE_ACCIDENT,MOTORCYCLE_ACCIDENT,TRUCK_ACCIDENT,NOT_PRIVATE_PROPERTY,ALCOHOL_INVOLVED,STWD_VEHTYPE_AT_FAULT,CHP_VEHTYPE_AT_FAULT,COUNT_SEVERE_INJ,COUNT_VISIBLE_INJ,COUNT_COMPLAINT_PAIN,COUNT_PED_KILLED,COUNT_PED_INJURED,COUNT_BICYCLIST_KILLED,COUNT_BICYCLIST_INJURED,COUNT_MC_KILLED,COUNT_MC_INJURED,PRIMARY_RAMP,SECONDARY_RAMP,LATITUDE,LONGITUDE,COUNTY,CITY,POINT_X,POINT_Y
91904166,2022,2022-10-28,9160,2022-10-19,0445,017873,,3,3,9,1100,0,2,4,,2,016,"COUNTY ROAD 99W","COUNTY ROAD 30",1056.00,N,N,A,-,N,,,,,,,,,,Y,2,0,1,2,A,-,06,21751,,N,B,C,A,A,H,-,D,D,0,,,Y,,Y,,A,01,1,0,0,0,0,0,0,0,1,"- ","- ",39.655559539794922,-122.19715118408203,GLENN,UNINCORPORATED,-122.19708251953125,39.656158447265625
91904261,2022,2022-10-28,9160,2022-10-18,1410,019043,,2,2,9,1100,0,1,3,,2,014,SR-162,"COUNTY ROAD D",0.00,,Y,A,-,Y,GLE,,162,,,63.681,H,,R,Y,4,0,1,2,A,-,09,21802,A,N,D,C,A,D,H,-,A,A,0,,,,Y,Y,,G,25,0,0,1,0,0,0,0,0,0,"- ","- ",39.524219512939453,-122.24915313720703,GLENN,UNINCORPORATED,-122.24915313720703,39.524154663085938
91904541,2022,2022-10-28,9160,2022-10-20,1915,020735,,4,2,9,1100,0,3,5,,2,005,"COUNTY ROAD M","COUNTY ROAD 33",6864.00,N,N,A,-,N,,,,,,,,,,Y,2,0,1,1,A,-,08,22107,,N,E,I,A,A,H,-,D,D,0,,,,,Y,,A,01,1,0,0,0,0,0,0,0,0,"- ","- ",39.642658233642578,-122.17845153808594,GLENN,UNINCORPORATED,-122.17855072021484,39.642887115478516
91907064,2022,2022-11-01,9160,2022-10-21,0215,017873,,5,3,9,1100,0,3,5,,2,005,"6TH AVE","COUNTY ROAD 9",0.00,,Y,A,-,N,,,,,,,,,,Y,3,0,1,1,A,-,03,22350,,N,E,I,A,A,H,-,D,A,0,,,,,Y,,A,01,0,1,0,0,0,0,0,0,0,"- ","- ",39.768749237060547,-122.10990905761719,GLENN,UNINCORPORATED,-122.109976,39.768540999999999
91907109,2022,2022-11-01,9160,2022-10-21,2203,019164,,5,3,9,1100,0,1,1,,2,006,"I-5 S/B","COUNTY ROAD 33",6864.00,N,N,B,-,Y,GLE,,5,,R,18.401,H,,L,Y,4,0,1,2,A,-,03,22350,,N,C,C,A,A,H,-,D,D,0,,,,,Y,,A,01,0,0,1,0,0,0,0,0,0,"- ","- ",39.647449493408203,-122.20451354980469,GLENN,UNINCORPORATED,-122.20444488525391,39.647449493408203
91908935,2022,2022-11-03,9160,2022-10-25,1515,021168,,2,2,9,1100,0,3,5,,2,003,"COUNTY ROAD 200","COUNTY ROAD 12",130.00,E,N,A,-,N,,,,,,,,,,Y,2,0,1,2,A,-,09,21801,A,N,D,C,A,A,H,-,A,D,0,,,Y,,Y,,A,01,1,0,0,0,0,0,0,0,1,"- ","- ",39.754550933837891,-122.21514892578125,GLENN,UNINCORPORATED,-122.2149658203125,39.754493713378906
91909219,2022,2022-11-03,9160,2022-10-25,1820,018750,,2,2,9,1100,0,1,1,,2,002,I-5,"COUNTY ROAD 60",537.00,S,N,A,-,Y,GLE,,5,,R,5.482,H,,L,Y,3,0,1,1,A,-,08,22107,,N,F,0,A,A,H,-,B,D,0,,,,,Y,,A,01,0,1,0,0,0,0,0,0,0,"- ","- ",39.464218139648438,-122.19618988037109,GLENN,UNINCORPORATED,-122.19589996337891,39.4642333984375
91912601,2022,2022-11-08,9160,2022-11-01,1100,019718,,2,1,9,1100,0,2,4,,2,016,"COUNTY ROAD 99W","COUNTY ROAD 42",840.00,S,N,B,C,N,,,,,,,,,,Y,3,0,1,1,A,-,08,22107,,N,E,I,A,B,H,-,A,D,0,,,,,Y,,A,01,0,1,0,0,0,0,0,0,0,"- ","- ",39.570880889892578,-122.19383239746094,GLENN,UNINCORPORATED,-122.19373321533203,39.57098388671875
91912618,2022,2022-11-08,9160,2022-11-02,2030,021168,,3,2,9,1100,0,3,5,,2,007,"COUNTY ROAD 60","CR 60 AT CR P",0.00,,Y,B,-,N,,,,,,,,,,N,3,0,1,1,A,-,03,22350,,N,E,I,A,B,H,-,D,D,0,,,,,Y,,A,01,0,1,0,0,0,0,0,0,0,"- ","- ",39.465190887451172,-122.13671875,GLENN,UNINCORPORATED,-122.136708,39.465210999999996
91912721,2022,2022-11-08,9160,2022-10-04,1600,019718,,2,2,9,1100,0,1,1,,2,002,I-5,"COUNTY ROAD 57",5333.00,S,N,A,-,Y,GLE,,5,,R,6.593,H,,R,Y,3,0,1,3,A,-,03,22350,,N,B,2,A,A,H,-,A,D,0,,,,Y,Y,,G,25,0,1,0,0,0,0,0,0,0,"- ","- ",39.480350494384766,-122.19577026367188,GLENN,UNINCORPORATED,-122.19570922851562,39.480350494384766
91914231,2022,2022-11-09,9160,2022-11-03,0640,016148,,4,1,9,1100,0,3,5,,2,005,"COUNTY ROAD 24","COUNTY RD V",528.00,W,N,A,-,N,,,,,,,,,,Y,3,0,1,2,A,-,09,21801,A,N,D,C,A,A,H,-,A,D,0,,,,,Y,,D,22,0,1,0,0,0,0,0,0,0,"- ","- ",39.709259033203125,-122.06745910644531,GLENN,UNINCORPORATED,-122.06608581542969,39.709255218505859
91917571,2022,2022-11-14,9160,2022-11-06,0157,020558,,7,3,9,1100,0,2,4,,2,016,"COUNTY ROAD 99W","COUNTY ROAD 45",2640.00,N,N,A,-,N,,,,,,,,,,Y,2,0,3,1,A,-,08,22107,,N,E,I,A,B,H,-,D,D,0,,,,,Y,,D,22,1,2,0,0,0,0,0,0,0,"- ","- ",39.560398101806641,-122.19368743896484,GLENN,UNINCORPORATED,-122.19364166259766,39.560611724853516
91919260,2022,2022-11-16,9160,2022-11-04,1527,021168,,5,2,9,1100,0,1,1,,2,006,"SOUTHBOUND I-5","CR 3 OVERCROSSING",2112.00,S,N,A,-,Y,GLE,,5,,R,28.137,H,,L,Y,3,0,1,2,A,-,01,23152,A,N,B,C,A,A,H,-,A,D,0,,,,Y,Y,Y,D,22,0,1,0,0,0,0,0,0,0,"- ","- ",39.788471221923828,-122.20408630371094,GLENN,UNINCORPORATED,-122.20388031005859,39.788433074951172
91920292,2022,2022-11-17,9160,2022-11-07,1205,016148,,1,1,9,1100,0,3,5,,2,005,"COUNTY ROAD 25","COUNTY ROAD M",0.00,,Y,A,-,N,,,,,,,,,,Y,3,0,1,2,A,-,12,22450,A,N,D,C,A,A,H,-,A,D,0,,,,,Y,,A,01,0,1,0,0,0,0,0,0,0,"- ","- ",39.696670532226562,-122.17788696289062,GLENN,UNINCORPORATED,-122.17788696289062,39.696659088134766
91923685,2022,2022-11-21,9160,2022-11-12,1812,019164,,6,2,9,1100,0,1,3,,1,008,SR-32,"COUNTY ROAD P",0.00,,Y,A,-,Y,GLE,,32,,,3.001,H,,R,Y,4,0,2,2,A,-,09,21801,A,N,D,C,A,A,H,-,C,D,0,,,,,Y,,A,08,0,0,2,0,0,0,0,0,0,"- ","- ",39.746891021728516,-122.14092254638672,GLENN,UNINCORPORATED,-122.14092254638672,39.746917724609375
91924174,2022,2022-11-22,9160,2022-11-14,2224,021168,,1,3,9,1100,0,1,1,,2,004,"I-5 S/B TO SR 162","RT 162",527.00,N,N,A,-,Y,,,,,,,,,,Y,3,0,1,1,A,-,01,23152,A,M,E,I,A,A,H,-,D,D,0,,,,,Y,Y,A,01,0,1,0,0,0,0,0,0,0,"- ","- ",39.52532958984375,-122.21530914306641,GLENN,UNINCORPORATED,-122.21530914306641,39.52532958984375
91924665,2022,2022-11-22,9160,2022-11-14,1020,016148,,1,1,9,1100,0,1,3,,1,010,SR-45,"COUNTY ROAD 61",0.00,,Y,A,-,Y,GLE,,45,,,3.066,H,,R,Y,3,0,2,2,A,-,03,22350,,N,C,C,A,A,H,-,A,D,0,,,Y,,Y,,C,02,0,2,0,0,0,0,0,0,2,"- ","- ",39.457420349121094,-122.01731109619141,GLENN,UNINCORPORATED,-122.01731872558594,39.457420349121094
91931975,2022,2022-12-02,9160,2022-11-18,1450,017319,,5,2,9,1100,0,3,5,,2,007,"CO RD P","CO RD 45",0.00,,Y,A,-,N,,,,,,,,,,Y,2,0,3,2,A,-,12,22450,A,N,D,C,A,A,H,-,A,A,0,,,,,Y,,A,08,2,0,1,0,0,0,0,0,0,"- ","- ",39.553329467773438,-122.13687896728516,GLENN,UNINCORPORATED,-122.13687896728516,39.553352355957031
91931984,2022,2022-12-02,9160,2022-11-20,0525,021168,,7,3,9,1100,0,2,4,,2,016,"COUNTY ROAD 99W","COUNTY ROAD 8",1056.00,S,N,A,-,N,,,,,,,,,,N,3,0,1,1,A,-,01,23152,A,N,E,I,A,A,H,-,D,D,0,,,,,Y,Y,A,01,0,1,0,0,0,0,0,0,0,"- ","- ",39.77655029296875,-122.19718170166016,GLENN,UNINCORPORATED,-122.19720458984375,39.777164459228516
91939582,2022,2022-12-12,9160,2022-12-02,1730,019718,,5,2,9,1100,0,1,3,,2,012,SR-162,SR-45,697.00,E,N,A,-,Y,GLE,,162,,,76.413,H,,R,Y,2,0,1,1,B,-,22,,,N,F,A,A,A,H,-,C,D,0,,,Y,,Y,,C,02,1,0,0,0,0,0,0,0,1,"- ","- ",39.457168579101562,-122.01473999023438,GLENN,UNINCORPORATED,-122.01473999023438,39.457149505615234
91943842,2022,2022-12-15,9160,2022-12-04,0720,016148,,7,1,9,1100,0,1,3,,2,014,SR-162,"COUNTY ROAD 304",9504.00,E,N,C,-,Y,GLE,,162,,,47.151,H,,R,N,3,0,1,1,A,-,03,22350,,N,F,0,A,B,H,-,D,D,0,,,,,Y,,A,01,0,1,0,0,0,0,0,0,0,"- ","- ",39.602218627929688,-122.50807952880859,GLENN,UNINCORPORATED,-122.50794219970703,39.602176666259766
91945711,2022,2022-12-19,9160,2022-12-13,1528,019164,,2,2,9,1100,0,1,3,,1,008,SR-32,SR-45,0.00,,Y,A,-,Y,GLE,,32,,,9.634,H,,R,N,4,0,1,2,A,-,10,21950,A,N,G,B,B,A,H,-,A,A,0,Y,,,,Y,,D,22,0,0,1,0,1,0,0,0,0,"- ","- ",39.744598388671875,-122.01924133300781,GLENN,UNINCORPORATED,-122.01922607421875,39.7445068359375
91948567,2022,2022-12-21,9160,2022-12-11,2500,018128,,7,4,9,1100,0,3,5,,2,005,"COUNTY ROAD 16","I-5 NORTHBOUND",85.00,E,N,A,-,Y,,,,,,,,,,Y,4,0,1,1,A,-,08,22107,,N,E,I,A,B,H,-,C,D,0,,,,,Y,,A,01,0,0,1,0,0,0,0,0,0,"- ","- ",39.740329742431641,-122.20519256591797,GLENN,UNINCORPORATED,-122.20518493652344,39.740348815917969
91949687,2022,2022-12-22,9160,2022-12-12,0825,018128,,1,1,9,1100,0,1,3,,2,012,SR-162,"COUNTY ROAD RR",312.00,W,N,A,-,Y,GLE,,162,,,70.970,H,,R,N,3,0,1,1,A,-,08,22107,,N,E,I,A,B,H,-,A,D,0,,,,,Y,,A,07,0,1,0,0,0,0,0,0,0,"- ","- ",39.521808624267578,-122.11335754394531,GLENN,UNINCORPORATED,-122.11333465576172,39.521926879882812
91951702,2022,2022-12-23,9160,2022-12-19,1900,018750,,1,2,9,1100,0,3,5,,2,005,"COUNTY ROAD 20","COUNTY ROAD K",40.00,W,N,A,-,N,,,,,,,,,,Y,4,0,1,1,A,-,01,23152,F,N,E,I,A,A,H,-,D,D,0,,,,,Y,,A,01,0,0,1,0,0,0,0,0,0,"- ","- ",39.725730895996094,-122.19249725341797,GLENN,UNINCORPORATED,-122.19248962402344,39.725700378417969
91957102,2022,2023-01-02,9160,2022-12-27,1430,018750,,2,2,9,1100,0,1,3,,1,010,"SR-45 S/B","COUNTY ROAD 39",845.00,S,N,B,-,Y,GLE,,45,,,11.708,H,,L,Y,3,0,1,1,A,-,08,22107,,N,E,I,A,A,H,-,A,D,0,,,,,Y,,A,07,0,1,0,0,0,0,0,0,0,"- ","- ",39.580429077148438,-122.00640869140625,GLENN,UNINCORPORATED,-122.00627136230469,39.580486297607422
91963509,2022,2023-01-09,9160,2022-11-05,1830,017319,,6,2,9,1100,0,3,5,,2,003,"CO RD 200","CO RD D D",2640.00,W,N,B,-,N,,,,,,,,,,Y,3,0,1,1,A,-,01,23152,A,N,F,A,A,B,H,-,D,D,0,,,,,Y,Y,-,"- ",0,1,0,0,0,0,0,0,0,"- ","- ",39.769859313964844,-122.25756072998047,GLENN,UNINCORPORATED,-122.25634002685547,39.769668579101562
91967228,2023,2023-01-12,9160,2023-01-07,1800,019718,,6,2,9,1100,0,3,5,,2,007,"COUNTY ROAD 39","COUNTY ROAD T",630.00,E,N,B,C,N,,,,,,,,,,Y,3,0,1,1,A,-,08,22107,,N,F,A,A,B,H,-,D,D,0,,,,,Y,,A,01,0,1,0,0,0,0,0,0,0,"- ","- ",39.582740783691406,-122.08627319335938,GLENN,UNINCORPORATED,-122.08633422851562,39.582790374755859
91982102,2021,2023-01-30,9160,2021-08-26,1325,019718,,4,1,9,1100,0,1,1,,2,004,"INTERSTATE 5","COUNTY ROAD 48",2760.00,N,N,A,-,Y,,,5,,,,,,,Y,1,1,0,1,A,-,08,22107,,N,E,I,A,A,H,-,A,D,0,,,,,Y,,D,22,0,0,0,0,0,0,0,0,0,"- ","- ",39.546550750732422,-122.21484375,GLENN,UNINCORPORATED,-122.21495819091797,39.546550750732422
91982412,2023,2023-01-30,9160,2023-01-18,2040,020735,,3,2,9,1100,0,3,5,,2,005,"COUNTY ROAD P","COUNTY ROAD 20",0.00,,Y,B,-,N,,,,,,,,,,Y,4,0,2,1,A,-,01,23152,A,N,E,I,A,B,H,-,C,D,0,,,,,Y,Y,D,22,0,0,2,0,0,0,0,0,0,"- ","- ",39.725009918212891,-122.14083099365234,GLENN,UNINCORPORATED,-122.1409912109375,39.725162506103516
91987851,2021,2023-02-06,9160,2021-08-08,2500,019718,,7,4,9,1100,0,1,1,,2,004,"I-5 SOUTHBOUND","COUNTY ROAD 39",1418.00,N,N,A,-,Y,,,5,,,,,,S,N,1,2,0,1,A,-,01,23152,F,N,F,I,A,A,H,-,D,D,0,,,,,Y,,A,01,0,0,0,0,0,0,0,0,0,"- ","- ",39.585330963134766,-122.21016693115234,GLENN,UNINCORPORATED,-122.21012115478516,39.585323333740234
91988620,2023,2023-02-07,9160,2023-01-22,1903,019043,,7,2,9,1100,0,2,4,,2,016,"HIGHWAY 99W","COUNTY ROAD 31",508.00,S,N,A,-,N,,,,,,,,,,Y,3,0,1,1,C,-,18,,,N,H,H,A,A,H,-,D,D,0,,,,,Y,,-,"- ",0,1,0,0,0,0,0,0,0,"- ","- ",39.637378692626953,-122.19728851318359,GLENN,UNINCORPORATED,-122.19726900000001,39.637442
91989065,2023,2023-02-07,9160,2023-01-31,2345,015118,,2,3,9,1100,0,1,1,,2,006,"I-5 N/B",SR-32,528.00,N,N,A,-,Y,GLE,,5," ",R,25.715,H,,R,Y,4,0,1,2,A,-,08,22107,,N,B,C,A,A,H,-,D,D,0,,,,Y,Y,,G,25,0,0,1,0,0,0,0,0,0,"- ","- ",39.753311157226562,-122.20523834228516,GLENN,UNINCORPORATED,-122.20532989501953,39.753311157226562
91991073,2023,2023-02-09,9160,2023-01-22,1904,019043,,7,2,9,1100,0,2,4,,2,016,"HIGHWAY 99W","COUNTY ROAD 31",528.00,S,N,A,-,Y,,,,,,,,,,N,3,0,1,1,C,-,18,,,N,H,H,A,A,C,-,D,D,0,,,,,Y,,-,"- ",0,1,0,0,0,0,0,0,0,"- ","- ",39.637508392333984,-122.19724273681641,GLENN,UNINCORPORATED,,
91994315,2023,2023-02-14,9160,2023-02-06,"745 ",018128,,1,1,9,1100,0,1,3,,2,012,SR-162,"COUNTY ROAD V",0.00,,Y,A,-,Y,GLE,,162," "," ",73.550,H,,R,Y,2,0,2,2,A,-,09,21801,A,N,A,C,A,A,H,-,A,D,0,,,,,Y,,A,01,1,0,1,0,0,0,0,0,0,"- ","- ",39.521591186523438,-122.06523132324219,GLENN,UNINCORPORATED,-122.06523132324219,39.521568298339844
91995436,2022,2023-02-15,9160,2022-01-30,0200,017873,,7,3,9,1100,0,3,5,,2,005,"COUNTY ROAD 9","5TH AVE",3168.00,E,N,A,-,N,,,,,,,,,,Y,1,1,0,1,A,-,01,23152,A,N,E,I,A,A,H,-,D,D,0,,,,,Y,Y,A,01,0,0,0,0,0,0,0,0,0,"- ","- ",39.766609191894531,-122.09265899658203,GLENN,UNINCORPORATED,-122.09315490722656,39.766571044921875
92000454,2023,2023-02-22,9160,2023-02-13,1620,020735,,1,2,9,1100,0,1,3,,1,010,SR-45,"ORD FERRY RD.",0.00,,Y,A,-,Y,GLE,,45," "," ",15.185,H,,R,Y,4,0,1,3,A,-,09,21801,A,N,D,C,A,A,H,-,A,D,0,,,,,Y,,A,07,0,0,1,0,0,0,0,0,0,"- ","- ",39.630599975585938,-122.00682067871094,GLENN,UNINCORPORATED,-122.00688171386719,39.630599975585938
92004096,2023,2023-02-27,9160,2023-02-14,2009,019043,,2,2,9,1100,0,1,1,,2,002,"I-5 S/B","COUNTY ROAD 68",5808.00,N,N,A,-,Y,GLE,,5," ",R,2.662,H,,L,N,2,0,1,1,A,-,01,23152,A,N,F,A,A,A,H,-,D,D,0,,,,,Y,Y,A,07,1,0,0,0,0,0,0,0,0,"- ","- ",39.423568725585938,-122.19344329833984,GLENN,UNINCORPORATED,-122.19345855712891,39.423568725585938
92005345,2023,2023-02-28,9160,2023-02-15,1135,018128,,3,1,9,1100,0,3,5,,2,007,"COUNTY ROAD 61","COUNTY ROAD U",990.00,W,N,A,-,N,,,,,,,,,,N,2,0,1,1,A,-,08,22107,,N,F,A,A,A,H,-,A,D,0,,,,,Y,,-,"- ",1,0,0,0,0,0,0,0,0,"- ","- ",39.457950592041016,-122.07697296142578,GLENN,UNINCORPORATED,-122.07689666748047,39.45794677734375
92007338,2023,2023-03-01,9160,2023-02-16,1745,017319,,4,2,9,1100,0,3,5,,2,007,"CO RD P","CO RD 48",2640.00,S,N,A,-,N,,,,,,,,,,N,2,0,1,1,A,-,08,22107,,N,E,I,A,A,H,-,D,D,0,,,,,Y,,D,22,1,0,0,0,0,0,0,0,0,"- ","- ",39.536540985107422,-122.13687133789062,GLENN,UNINCORPORATED,-122.13684844970703,39.531669616699219
92008409,2023,2023-03-02,9160,2023-02-21,1418,019043,,2,2,9,1100,0,3,5,,2,005,"CO RD 9","CO RD P",0.00,,Y,A,G,N,,,,,,,,,,Y,3,0,1,2,A,-,12,22450,A,N,D,2,A,A,H,-,A,A,0,,,,,Y,,A,07,0,1,0,0,0,0,0,0,0,"- ","- ",39.768589019775391,-122.14090728759766,GLENN,UNINCORPORATED,-122.14088439941406,39.768543243408203
92009463,2023,2023-03-03,9160,2023-02-25,2120,017873,,6,2,9,1100,0,3,5,,2,005,"COUNTY ROAD M","COUNTY ROAD 24",1584.00,N,N,B,-,N,,,,,,,,,,Y,3,0,1,1,A,-,01,23152,A,N,E,8,A,A,H,-,D,D,0,,,,,Y,Y,A,01,0,1,0,0,0,0,0,0,0,"- ","- ",39.714759826660156,-122.178466796875,GLENN,UNINCORPORATED,-122.17839813232422,39.715377807617188
92013052,2022,2023-03-08,9160,2022-03-14,0600,018128,,1,1,9,1100,0,2,4,,2,016,"COUNTY ROAD 99W","COUNTY ROAD 7",0.00,,Y,A,-,N,,,,,,,,,,Y,1,1,0,2,A,-,09,21801,A,N,D,C,A,A,H,-,C,D,0,,,,Y,Y,,G,25,0,0,0,0,0,0,0,0,0,"- ","- ",39.783668518066406,-122.19767761230469,GLENN,UNINCORPORATED,-122.19764709472656,39.783664703369141
92016367,2023,2023-03-13,9160,2023-02-23,2500,018750,,4,4,9,1100,0,3,5,,2,003,"COUNTY ROAD 306","COUNTY ROAD 303",6336.00,S,N,F,-,N,,,,,,,,,,Y,1,1,0,1,A,-,08,22107,,N,E,I,A,A,G,-,A,D,0,,,Y,,Y,,C,02,0,0,0,0,0,0,0,1,0,"- ","- ",39.425178527832031,-122.52223205566406,GLENN,UNINCORPORATED,-122.5228271484375,39.425308227539062
92022494,2023,2023-03-20,9160,2023-03-10,1217,019164,,5,1,9,1100,0,1,3,,1,010,SR-45,"ORD FERRY RD",0.00,,Y,A,-,Y,GLE,,45," "," ",15.185,H,,R,Y,4,0,2,2,A,-,09,21802,A,N,D,2,A,A,H,-,A,A,0,,,,,Y,,B,07,0,0,2,0,0,0,0,0,0,"- ","- ",39.630599975585938,-122.00689697265625,GLENN,UNINCORPORATED,-122.00688171386719,39.630599975585938
92022653,2022,2023-03-20,9160,2022-06-06,2305,020735,,1,3,9,1100,0,3,5,,2,007,"COUNTY ROAD 39","COUNTY ROAD S",1928.00,E,N,A,-,N,,,,,,,,,,Y,1,1,0,1,A,-,08,22107,,N,E,I,A,A,H,-,D,D,0,,,,,Y,,A,01,0,0,0,0,0,0,0,0,0,"- ","- ",39.582359313964844,-122.10064697265625,GLENN,UNINCORPORATED,-122.10072326660156,39.582431793212891
92025290,2022,2023-03-22,9160,2022-04-09,1400,019043,,6,2,9,1100,0,1,3,,2,014,SR-45,SR-162,3696.00,N,N,A,G,Y,GLE,,45,,,3.726,H,,R,Y,1,1,0,1,A,-,08,22107,,N,E,8,A,A,H,-,A,D,0,,,,,Y,,D,22,0,0,0,0,0,0,0,0,0,"- ","- ",39.466789245605469,-122.01930999755859,GLENN,UNINCORPORATED,-122.01939392089844,39.466781616210938
92039637,2023,2023-04-07,9160,2023-01-22,"605 ",018128,,7,1,9,1100,0,1,1,,2,004,"I-5 N/B","COUNTY ROAD 35",1584.00,S,N,A,-,Y,GLE,,5," ",R,15.591,H,,R,Y,1,1,1,1,A,-,08,22107,,N,F,A,A,A,H,-,D,D,0,,,,,Y,,A,08,1,0,0,0,0,0,0,0,0,"- ","- ",39.606849670410156,-122.20790100097656,GLENN,UNINCORPORATED,-122.20792388916016,39.606853485107422
92039667,2022,2023-04-07,9160,2022-08-03,1240,017577,,3,1,9,1100,0,1,3,,1,008,"INTERSTATE 5 NORTHBOUND","COUNTY ROAD 24 OVER CROSSING",100.00,S,N,A,-,Y,GLE,,5,,R,22.794,H,,R,Y,1,1,1,1,A,-,08,22107,,N,F,A,A,A,H,-,A,D,0,,,,,Y,,A,07,0,0,1,0,0,0,0,0,0,"- ","- ",39.711029052734375,-122.20603942871094,GLENN,UNINCORPORATED,-122.20600128173828,39.711029052734375
92043264,2023,2023-04-12,9160,2023-04-08,"735 ",018737,,6,1,9,1100,0,1,1,,2,002,"I-5 N/B","COUNTY ROAD 68",230.00,S,N,B,-,Y,GLE,,5," ",R,1.471,H,,R,Y,3,0,2,2,A,-,08,22107,,N,D,C,A,A,H,-,A,D,0,,,,,Y,,D,22,0,2,0,0,0,0,0,0,0,"- ","- ",39.406459808349609,-122.19566345214844,GLENN,UNINCORPORATED,-122.19561767578125,39.406459808349609
92048802,2023,2023-04-19,9160,2023-04-07,1040,017577,,5,1,9,1100,0,1,1,,2,004,"INTERSTATE 5","COUNTY ROAD 39",731.00,N,N,A,-,Y,GLE,,5," ",R,14.016,H,,R,Y,3,0,1,1,A,-,08,22107,,N,E,I,A,B,H,-,A,D,0,,,,Y,Y,,-,"- ",0,1,0,0,0,0,0,0,0,"- ","- ",39.584068298339844,-122.20993041992188,GLENN,UNINCORPORATED,-122.21001434326172,39.584075927734375
92050445,2023,2023-04-21,9160,2023-04-20,1124,019164,,4,1,9,1100,0,1,3,,1,008,SR-32,"COUNTY ROAD VV",8.00,E,N,A,-,Y,GLE,,32," "," ",7.602,H,,R,Y,4,0,1,2,A,-,03,22350,,N,C,C,A,A,H,-,A,D,0,,,,,Y,,A,01,0,0,1,0,0,0,0,0,0,"- ","- ",39.744838714599609,-122.05715942382812,GLENN,UNINCORPORATED,-122.05715942382812,39.744819641113281
92054699,2023,2023-04-27,9160,2023-04-16,1532,021168,,7,2,9,1100,0,2,4,,2,016,"COUNTY ROAD 99W","COUNTY ROAD 27",1584.00,S,N,A,-,N,,,,,,,,,,Y,3,0,2,2,A,-,06,21751,,N,A,C,A,A,H,-,A,D,0,,,,,Y,,A,07,0,2,0,0,0,0,0,0,0,"- ","- ",39.677059173583984,-122.19698333740234,GLENN,UNINCORPORATED,-122.19689178466797,39.677978515625
92063819,2023,2023-05-08,9160,2023-04-23,"140 ",017873,,7,3,9,1100,0,1,1,,2,006,"INTERSTATE 5","COUNTY ROAD 20",7.00,S,N,A,-,Y,GLE,,5," ",R,23.815,H,,R,Y,3,0,1,1,A,-,08,22107,,N,E,I,A,A,H,-,D,D,0,,,,,Y,,A,01,0,1,0,0,0,0,0,0,0,"- ","- ",39.725841522216797,-122.20612335205078,GLENN,UNINCORPORATED,-122.20577239990234,39.725837707519531
92064140,2022,2023-05-08,9160,2022-06-30,0515,015118,,4,3,9,1100,0,3,5,,2,007,"COUNTY ROAD 60","COUNTY ROAD P",372.00,E,N,A,-,N,,,,,,,,,,Y,1,1,0,1,A,-,01,23152,F,N,F,A,A,A,H,-,B,A,0,,,,,Y,,D,22,0,0,0,0,0,0,0,0,0,"- ","- ",39.465438842773438,-122.13706207275391,GLENN,UNINCORPORATED,-122.13546752929688,39.464809417724609