CASE_ID,ACCIDENT_YEAR,PROC_DATE,JURIS,COLLISION_DATE,COLLISION_TIME,OFFICER_ID,REPORTING_DISTRICT,DAY_OF_WEEK,CHP_SHIFT,POPULATION,CNTY_CITY_LOC,SPECIAL_COND,BEAT_TYPE,CHP_BEAT_TYPE,CITY_DIVISION_LAPD,CHP_BEAT_CLASS,BEAT_NUMBER,PRIMARY_RD,SECONDARY_RD,DISTANCE,DIRECTION,INTERSECTION,WEATHER_1,WEATHER_2,STATE_HWY_IND,CALTRANS_COUNTY,CALTRANS_DISTRICT,STATE_ROUTE,ROUTE_SUFFIX,POSTMILE_PREFIX,POSTMILE,LOCATION_TYPE,RAMP_INTERSECTION,SIDE_OF_HWY,TOW_AWAY,COLLISION_SEVERITY,NUMBER_KILLED,NUMBER_INJURED,PARTY_COUNT,PRIMARY_COLL_FACTOR,PCF_CODE_OF_VIOL,PCF_VIOL_CATEGORY,PCF_VIOLATION,PCF_VIOL_SUBSECTION,HIT_AND_RUN,TYPE_OF_COLLISION,MVIW,PED_ACTION,ROAD_SURFACE,ROAD_COND_1,ROAD_COND_2,LIGHTING,CONTROL_DEVICE,CHP_ROAD_TYPE,PEDESTRIAN_ACCIDENT,BICYCLE_ACCIDENT,MOTORCYCLE_ACCIDENT,TRUCK_ACCIDENT,NOT_PRIVATE_PROPERTY,ALCOHOL_INVOLVED,STWD_VEHTYPE_AT_FAULT,CHP_VEHTYPE_AT_FAULT,COUNT_SEVERE_INJ,COUNT_VISIBLE_INJ,COUNT_COMPLAINT_PAIN,COUNT_PED_KILLED,COUNT_PED_INJURED,COUNT_BICYCLIST_KILLED,COUNT_BICYCLIST_INJURED,COUNT_MC_KILLED,COUNT_MC_INJURED,PRIMARY_RAMP,SECONDARY_RAMP,LATITUDE,LONGITUDE,COUNTY,CITY,POINT_X,POINT_Y
92066748,2023,2023-05-11,9160,2023-05-01,"225 ",015118,,1,3,9,1100,0,1,1,,2,002,"I-5 N/B","CO. RD. 60",5280.00,S,N,A,-,Y,GLE,,5," ",R,4.544,H,,R,Y,3,0,3,1,A,-,08,22107,,N,E,I,A,A,H,-,D,D,0,,,,,Y,,A,01,0,2,1,0,0,0,0,0,0,"- ","- ",39.450759887695312,-122.19326019287109,GLENN,UNINCORPORATED,-122.19332885742188,39.450759887695312
92069960,2023,2023-05-16,9160,2023-04-25,"20  ",020558,,2,3,9,1100,0,3,5,,2,007,"COUNTY ROAD 39","COUNTY ROAD S",1584.00,E,N,A,-,N,,,,,,,,,,Y,3,0,2,1,A,-,03,22350,,N,E,I,A,A,H,-,D,D,0,,,,,Y,,A,01,0,2,0,0,0,0,0,0,0,"- ","- ",39.582408905029297,-122.10095977783203,GLENN,UNINCORPORATED,-122.10186767578125,39.582107543945312
92072008,2023,2023-05-18,9160,2023-05-08,1520,019043,,1,2,9,1100,0,1,3,,2,012,SR-162,"BIG BUTTE CREEK OF(084.11 26)",68.00,E,N,A,-,Y,GLE,,162," "," ",84.156,H,,R,N,4,0,2,2,A,-,09,21804,A,N,D,2,A,A,H,-,A,D,0,,,,Y,Y,,F,26,0,0,2,0,0,0,0,0,0,"- ","- ",39.464118957519531,-121.87816619873047,GLENN,UNINCORPORATED,-121.87816619873047,39.464065551757812
92073255,2022,2023-05-19,9160,2022-02-04,1240,019718,,5,1,9,1100,0,1,1,,2,006,"I-5 SOUTHBOUND","COUNTY ROAD 20",2020.00,S,N,A,-,Y,GLE,,5,,R,23.397,H,,L,Y,1,1,0,1,A,-,08,22107,,N,E,I,A,A,H,-,A,D,0,,,,,Y,,D,22,0,0,0,0,0,0,0,0,0,"- ","- ",39.719779968261719,-122.2059326171875,GLENN,UNINCORPORATED,-122.20614624023438,39.719783782958984
92074577,2023,2023-05-22,9160,2023-05-14,"525 ",017873,,7,3,9,1100,0,1,1,,2,002,"INTERSTATE 5","COUNTY ROAD 57",5280.00,S,N,A,-,Y,GLE,,5," ",R,6.644,H,,R,Y,2,0,1,1,A,-,08,22107,,N,F,A,A,A,H,-,B,D,0,,,,,Y,,D,22,1,0,0,0,0,0,0,0,0,"- ","- ",39.481098175048828,-122.19587707519531,GLENN,UNINCORPORATED,-122.19571685791016,39.481101989746094
92077795,2023,2023-05-25,9160,2023-05-16,1005,018128,,2,1,9,1100,0,3,5,,2,005,"COUNTY ROAD 24","COUNTY ROAD M",0.00,,Y,A,-,N,,,,,,,,,,N,4,0,2,2,A,-,09,21802,A,N,D,C,A,A,H,-,A,A,0,,,,,Y,,M,47,0,0,2,0,0,0,0,0,0,"- ","- ",39.711029052734375,-122.17845916748047,GLENN,UNINCORPORATED,-122.178466796875,39.711032867431641
92077802,2023,2023-05-25,9160,2023-05-18,"220 ",017873,,4,3,9,1100,0,3,5,,2,005,"COUNTY ROAD P","COUNTY ROAD 30",528.00,N,N,A,-,N,,,,,,,,,,Y,3,0,1,1,A,-,08,22107,,N,F,0,A,A,H,-,D,D,0,,,,,Y,,A,01,0,1,0,0,0,0,0,0,0,"- ","- ",39.655258178710938,-122.14067077636719,GLENN,UNINCORPORATED,-122.14078521728516,39.654121398925781
92077806,2023,2023-05-25,9160,2023-05-17,1345,019043,,3,1,9,1100,0,3,5,,2,007,"CO RD V JNO CO RD 44","CO RD 44",90.00,N,N,A,-,N,,,,,,,,,,N,3,0,1,1,A,-,01,23152,A,N,E,I,A,A,H,-,A,D,0,,,,,Y,Y,A,01,0,1,0,0,0,0,0,0,0,"- ","- ",39.558158874511719,-122.06520080566406,GLENN,UNINCORPORATED,-122.23879241943359,39.763874053955078
92079686,2023,2023-06-28,9160,2023-05-16,"817 ",017577,,2,1,9,1100,0,1,3,,2,014,"STATE HIGHWAY 162","162 GLE 50.37",354.00,W,N,A,-,Y,GLE,,162," "," ",50.302,H,,R,Y,2,0,2,2,A,-,08,22107,,F,A,3,A,A,H,-,A,D,0,,,,,Y,,A,07,2,0,0,0,0,0,0,0,0,"- ","- ",39.591499328613281,-122.45892333984375,GLENN,UNINCORPORATED,-122.45888519287109,39.591541290283203
92082674,2023,2023-05-31,9160,2023-05-15,1445,019043,,1,2,9,1100,0,1,1,,2,006,"I-5 FROM SR-32 E/B",SR-32,290.00,S,N,A,-,Y,GLE,,5," ",R,25.466,H,,R,Y,4,0,1,1,A,-,08,22107,,N,F,A,A,A,H,-,A,D,0,,,,Y,Y,,G,25,0,0,1,0,0,0,0,0,0,"- ","- ",39.749740600585938,-122.20533752441406,GLENN,UNINCORPORATED,-122.20539093017578,39.749740600585938
92083672,2023,2023-06-01,9160,2023-05-25,1610,021168,,4,2,9,1100,0,1,1,,2,006,"I-5 S/B","COUNTY ROAD 7",528.00,S,N,A,-,Y,GLE,,5," ",R,27.503,H,,L,N,4,0,1,2,A,-,07,21658,A,N,C,C,A,A,H,-,A,D,0,,,,Y,Y,,D,22,0,0,1,0,0,0,0,0,0,"- ","- ",39.779270172119141,-122.20480346679688,GLENN,UNINCORPORATED,-122.20472717285156,39.779266357421875
92084721,2023,2023-06-02,9160,2023-05-24,1520,019043,,3,2,9,1100,0,3,5,,2,007,"COUNTY ROAD 45","COUNTY RD MM",1500.00,E,N,A,-,N,,,,,,,,,,N,2,0,1,1,A,-,08,22107,,N,F,8,A,A,H,-,A,D,0,,,,,Y,,D,22,1,0,0,0,0,0,0,0,0,"- ","- ",39.553298950195312,-122.15978240966797,GLENN,UNINCORPORATED,-122.15965270996094,39.553348541259766
92084870,2023,2023-06-02,9160,2023-05-29,"750 ",019164,,1,1,9,1100,0,2,4,,2,016,"HWY 99W","COUNTY RD 3",0.00,,Y,A,-,N,,,,,,,,,,Y,4,0,2,2,A,-,03,22350,,N,C,C,A,A,H,-,A,D,0,,,,,Y,,D,22,0,0,2,0,0,0,0,0,0,"- ","- ",39.794349670410156,-122.1973876953125,GLENN,UNINCORPORATED,-122.197391,39.794407
92091624,2023,2023-06-12,9160,2023-06-01,1530,021168,,4,2,9,1100,0,1,3,,1,008,"RT 32","CANAL ROAD",1056.00,W,N,A,-,Y,GLE,,32," "," ",9.268,H,,R,N,3,0,1,1,A,-,06,21751,,N,F,A,A,A,H,-,A,D,0,,,,,Y,,A,01,0,1,0,0,0,0,0,0,0,"- ","- ",39.744640350341797,-122.02603149414062,GLENN,UNINCORPORATED,-122.02602386474609,39.744701385498047
92091758,2023,2023-06-12,9160,2023-06-02,1435,021168,,5,2,9,1100,0,3,5,,2,005,"COUNTY ROAD 99W","COUNTY ROAD 33",0.00,,Y,A,-,N,,,,,,,,,,N,3,0,1,2,A,-,09,21802,A,N,D,C,A,A,H,-,A,D,0,,,,,Y,,D,22,0,1,0,0,0,0,0,0,0,"- ","- ",39.624420166015625,-122.19557189941406,GLENN,UNINCORPORATED,-122.19541168212891,39.624156951904297
92092962,2023,2023-06-13,9160,2023-06-06,1155,017577,,2,1,9,1100,0,3,5,,2,005,"COUNTY ROAD 24","COUNTY ROAD VV",2640.00,E,N,A,-,N,,,,,,,,,,N,4,0,1,1,A,-,08,22107,,N,E,I,A,A,H,-,A,D,0,,,,,Y,,A,01,0,0,1,0,0,0,0,0,0,"- ","- ",39.710769653320312,-122.08663177490234,GLENN,UNINCORPORATED,-122.04540252685547,39.709152221679688
92097751,2023,2023-06-20,9160,2023-06-14,"945 ",018737,,3,1,9,1100,0,3,5,,2,005,"CAPAY AVENUE","5TH AVENUE",48.00,W,N,A,-,N,,,,,,,,,,Y,3,0,1,1,A,-,03,22350,,N,E,I,A,A,H,-,A,A,0,,,,,Y,,M,46,0,1,0,0,0,0,0,0,0,"- ","- ",39.782470703125,-122.10440826416016,GLENN,UNINCORPORATED,-122.10430145263672,39.782501220703125
92110710,2023,2023-07-18,9160,2023-06-27,"945 ",017577,,2,1,9,1100,0,3,5,,2,005,"COUNTY ROAD P","HAIGH RD.",0.00,,Y,A,-,N,,,,,,,,,,Y,4,0,2,2,A,-,09,21802,A,N,A,C,A,A,H,-,A,A,0,,,,,Y,,D,22,0,0,2,0,0,0,0,0,0,"- ","- ",39.717971801757812,-122.14105224609375,GLENN,UNINCORPORATED,-122.1409912109375,39.717952728271484
92114453,2023,2023-07-11,9160,2023-07-01,"930 ",019164,,6,1,9,1100,0,1,3,,2,012,SR-162,"EUREKA ST",2112.00,W,N,A,-,Y,GLE,,162," "," ",77.632,H,,R,Y,2,0,1,1,A,-,01,23152,A,N,E,8,A,A,H,-,A,D,0,,,,,Y,Y,A,07,1,0,0,0,0,0,0,0,0,"- ","- ",39.457908630371094,-121.99234008789062,GLENN,UNINCORPORATED,-121.99240112304688,39.457927703857422
92121813,2023,2023-07-20,9160,2023-07-11,"825 ",017577,,2,1,9,1100,0,1,1,,2,006,"INTERSTATE 5 SOUTHBOUND","NORTH OF COUNTY ROAD 24",1056.00,N,N,A,-,Y,GLE,,5," ",R,24.015,H,,L,N,4,0,1,2,A,-,08,22107,,N,E,I,A,A,H,-,A,D,0,,,,,Y,,A,07,0,0,1,0,0,0,0,0,0,"- ","- ",39.728748321533203,-122.20600128173828,GLENN,UNINCORPORATED,-122.20600891113281,39.728748321533203
92123109,2023,2023-07-21,9160,2023-07-14,2200,021204,,5,3,9,1100,0,1,3,,1,008,SR-32,"CAPAY AVE",50.00,E,N,A,-,Y,GLE,,32," "," ",9.721,H,,R,N,3,0,1,1,A,-,08,22107,,N,F,I,A,A,H,-,C,D,0,,,Y,,Y,,C,02,0,1,0,0,0,0,0,0,1,"- ","- ",39.744991302490234,-122.01766967773438,GLENN,UNINCORPORATED,-122.01763153076172,39.744915008544922
92123342,2023,2023-07-21,9160,2023-07-21,"940 ",018737,,5,1,9,1100,0,1,1,,2,004,"I-5 N/B","COUNTY ROAD 48",5808.00,N,N,A,-,Y,GLE,,5," ",R,11.919,H,,R,Y,3,0,1,1,A,-,08,22107,,N,E,8,A,A,H,-,A,D,0,,,,,Y,,A,01,0,1,0,0,0,0,0,0,0,"- ","- ",39.553939819335938,-122.21469116210938,GLENN,UNINCORPORATED,-122.21466064453125,39.553939819335938
92125598,2023,2023-07-25,9160,2023-07-14,"935 ",019164,,5,1,9,1100,0,1,3,,1,010,SR-45,"COUNTY ROAD 48",25.00,S,N,A,-,Y,GLE,,45," "," ",8.565,H,,R,Y,3,0,2,2,A,-,05,21460,A,N,D,C,A,A,H,-,A,D,0,,,,,Y,,A,01,0,1,1,0,0,0,0,0,0,"- ","- ",39.536170959472656,-122.00939178466797,GLENN,UNINCORPORATED,-122.00937652587891,39.536167144775391
92128050,2023,2023-07-27,9160,2023-07-18,1210,016148,,2,1,9,1100,0,3,5,,2,007,"COUNTY ROAD V  (THE BOULEVARD ROAD)","COUNTY ROAD 39  (BAYLISS BLUE GUM ROAD)",0.00,,Y,A,-,N,,,,,,,,,,Y,4,0,1,2,A,-,09,21802,A,N,D,2,A,A,H,-,A,A,0,,,,,Y,,A,01,0,0,1,0,0,0,0,0,0,"- ","- ",39.582668304443359,-122.06513214111328,GLENN,UNINCORPORATED,-122.06512451171875,39.582664489746094
92128062,2023,2023-07-27,9160,2023-07-17,1428,018895,,1,2,9,1100,0,3,5,,2,003,SR162,"COUNTY ROAD 307",1584.00,E,N,A,-,Y,,,,,,,,,,Y,3,0,6,1,A,-,08,22107,,N,E,8,A,A,H,-,A,D,0,,,,,Y,,D,22,0,6,0,0,0,0,0,0,0,"- ","- ",39.652660369873047,-122.73313903808594,GLENN,UNINCORPORATED,-122.66437530517578,39.664714813232422
92132832,2023,2023-08-01,9160,2023-07-27,"215 ",021204,,4,3,9,1100,0,3,5,,2,005,CR-M,CR-27,3168.00,N,N,A,-,N,,,,,,,,,,Y,4,0,1,1,A,-,08,22107,,N,E,8,A,A,H,-,D,D,0,,,,,Y,,A,07,0,0,1,0,0,0,0,0,0,"- ","- ",39.691200256347656,-122.1778564453125,GLENN,UNINCORPORATED,-122.177931,39.690809000000002
92138523,2023,2023-08-08,9160,2023-07-27,1627,018895,,4,2,9,1100,0,1,3,,2,012,SR-162,"MCDOUGAL STREET",2128.00,E,N,A,-,Y,,,,,,,,,,Y,2,0,1,1,A,-,08,22107,,N,E,J,A,A,H,-,A,D,0,,,,,Y,,A,01,1,0,0,0,0,0,0,0,0,"- ","- ",39.464820861816406,-121.981201171875,GLENN,UNINCORPORATED,-121.981201171875,39.464401245117188
92138543,2023,2023-08-08,9160,2023-08-02,1618,021168,,3,2,9,1100,0,2,4,,2,016,"COUNTY ROAD 99W","COUNTY ROAD 27",1056.00,S,N,A,-,N,,,,,,,,,,N,3,0,1,1,A,-,08,22107,,N,F,A,A,A,H,-,A,D,0,,,,,Y,,D,22,0,1,0,0,0,0,0,0,0,"- ","- ",39.678779602050781,-122.19686889648438,GLENN,UNINCORPORATED,-122.19688415527344,39.679431915283203
92139051,2023,2023-08-08,9160,2023-08-02,"830 ",018128,,3,1,9,1100,0,1,3,,1,008,"STATE ROUTE 32","COUNTY ROAD N",1030.00,E,N,A,-,Y,GLE,,32," "," ",2.202,H,,R,N,4,0,1,2,A,-,09,21804,A,N,D,C,A,A,H,-,A,D,0,,,,,Y,,D,22,0,0,1,0,0,0,0,0,0,"- ","- ",39.74700927734375,-122.15599822998047,GLENN,UNINCORPORATED,-122.15599822998047,39.746994018554688
92145776,2023,2023-08-16,9160,2023-08-04,"928 ",017577,,5,1,9,1100,0,1,1,,2,006,"INTERSTATE 5 N/B","COUNTY ROAD 25 OVERCROSSING",332.00,N,N,A,-,Y,GLE,,5," ",R,21.894,H,,R,Y,2,0,1,1,A,-,08,22107,,N,F,A,A,A,H,-,A,D,0,,,,,Y,,D,22,1,0,0,0,0,0,0,0,0,"- ","- ",39.697990417480469,-122.20533752441406,GLENN,UNINCORPORATED,-122.20528411865234,39.697990417480469
92151241,2023,2023-08-23,9160,2023-08-14,1435,018895,,1,2,9,1100,0,1,3,,1,010,SR-45,"ORD FERRY ROAD",0.00,,Y,A,-,Y,GLE,,45," "," ",15.184,H,,R,Y,2,0,1,2,A,-,09,21802,A,N,D,2,A,A,H,-,A,A,0,,,,,Y,,A,08,1,0,0,0,0,0,0,0,0,"- ","- ",39.630588531494141,-122.00689697265625,GLENN,UNINCORPORATED,-122.00688171386719,39.630588531494141
92151762,2023,2023-08-23,9160,2023-08-20,1226,019164,,7,1,9,1100,0,1,3,,1,010,SR-45,"COUNTY ROAD 32",0.00,,Y,B,-,Y,GLE,,45," "," ",15.183,H,,R,Y,4,0,1,2,A,-,05,21460,C,N,D,C,A,A,H,-,A,D,0,,,,,Y,,A,01,0,0,1,0,0,0,0,0,0,"- ","- ",39.630569458007812,-122.00689697265625,GLENN,UNINCORPORATED,-122.00688171386719,39.630569458007812
92151769,2023,2023-08-23,9160,2023-08-21,1515,021168,,1,2,9,1100,0,1,3,,2,012,"RT 162","COUNTY ROAD Q",200.00,E,N,B,-,Y,GLE,,162," "," ",70.305,H,,R,N,3,0,1,1,A,-,08,22107,,N,E,I,A,A,H,-,A,D,0,,,,,Y,,A,01,0,1,0,0,0,0,0,0,0,"- ","- ",39.523891448974609,-122.12529754638672,GLENN,UNINCORPORATED,-122.12529754638672,39.523857116699219
92154675,2023,2023-08-25,9160,2023-04-26,1933,019718,,3,2,9,1100,0,3,5,,2,005,"COUNTY ROAD P","COUNTY ROAD 24",0.00,,Y,A,-,N,,,,,,,,,,Y,1,1,0,2,A,-,12,22450,A,N,D,C,A,A,H,-,A,A,0,,,,,Y,,D,22,0,0,0,0,0,0,0,0,0,"- ","- ",39.710670471191406,-122.14095306396484,GLENN,UNINCORPORATED,-122.14096832275391,39.710681915283203
92158874,2023,2023-08-30,9160,2023-08-24,1107,018737,,4,1,9,1100,0,1,1,,2,004,"I-5 N/B","STATE ROUTE 162",5280.00,S,N,A,-,Y,GLE,,5," ",R,8.861,H,,R,Y,3,0,1,3,A,-,04,21703,,N,C,C,A,A,D,-,A,A,0,,,,,Y,,A,07,0,1,0,0,0,0,0,0,0,"- ","- ",39.510879516601562,-122.20799255371094,GLENN,UNINCORPORATED,-122.20797729492188,39.510887145996094
92161087,2023,2023-09-01,9160,2023-08-24,1508,021168,,4,2,9,1100,0,1,1,,2,004,"I-5 S/B","COUNTY ROAD 33",1056.00,S,N,A,-,Y,GLE,,5," ",R,16.322,H,,L,Y,2,0,1,2,A,-,03,22350,,N,C,C,A,A,H,-,A,D,0,,,,Y,Y,,G,25,1,0,0,0,0,0,0,0,0,"- ","- ",39.61737060546875,-122.20655059814453,GLENN,UNINCORPORATED,-122.20650482177734,39.617366790771484
92161819,2023,2023-09-04,9160,2023-08-24,1655,021168,,4,2,9,1100,0,2,4,,2,016,"COUNTY ROAD 99W","COUNTY ROAD 48",0.00,,Y,A,-,N,,,,,,,,,,N,3,0,1,2,A,-,01,23152,A,N,D,C,A,A,H,-,A,D,0,,,,,Y,Y,D,22,0,1,0,0,0,0,0,0,0,"- ","- ",39.538871765136719,-122.19348907470703,GLENN,UNINCORPORATED,-122.19345855712891,39.538864135742188
92162054,2023,2023-09-05,9160,2023-08-27,1750,021204,,7,2,9,1100,0,3,5,,2,005,CR-9,"6TH AVE",0.00,,Y,A,-,N,,,,,,,,,,Y,4,0,1,2,A,-,09,21802,A,N,D,2,A,A,H,-,A,A,0,,,,,Y,Y,D,22,0,0,1,0,0,0,0,0,0,"- ","- ",39.768550872802734,-122.10994720458984,GLENN,UNINCORPORATED,-122.109973,39.768540999999999
92165093,2023,2023-09-07,9160,2023-08-31,1500,019718,,4,2,9,1100,0,3,5,,2,005,"COUNTY ROAD 9","4TH AVENUE",0.00,,Y,B,-,N,,,,,,,,,,N,4,0,1,2,A,-,09,21802,A,N,D,C,A,A,H,-,A,A,0,,,,,Y,,A,07,0,0,1,0,0,0,0,0,0,"- ","- ",39.766559600830078,-122.08540344238281,GLENN,UNINCORPORATED,-122.08541107177734,39.766555786132812
92165930,2023,2023-09-08,9160,2023-08-29,1329,021168,,2,1,9,1100,0,1,1,,2,006,"I-5 N/B","COUNTY ROAD 28",5808.00,S,N,A,-,Y,GLE,,5," ",R,18.722,H,,R,Y,3,0,1,3,A,-,03,22350,,N,C,C,A,A,H,-,A,D,0,,,,Y,Y,,G,25,0,1,0,0,0,0,0,0,0,"- ","- ",39.652011871337891,-122.20420837402344,GLENN,UNINCORPORATED,-122.20420074462891,39.652011871337891
92170947,2023,2023-09-15,9160,2023-09-07,2055,021168,,4,2,9,1100,0,1,3,,1,008,"RT 32","CR RR",528.00,W,N,A,-,Y,GLE,,32," ",R,4.294,H,,R,N,4,0,1,2,C,-,18,,,N,H,C,A,A,H,-,D,D,0,,,,,Y,,-,"- ",0,0,1,0,0,0,0,0,0,"- ","- ",39.746711730957031,-122.11917877197266,GLENN,UNINCORPORATED,-122.11917877197266,39.746768951416016
92179032,2023,2023-10-13,9160,2023-09-13,1142,016148,,3,1,9,1100,0,1,3,,1,010,SR-45,"1ST AVE",2640.00,S,N,A,-,Y,GLE,,45," "," ",22.111,H,,R,Y,3,0,2,2,A,-,03,22350,,N,C,2,A,A,D,-,A,A,0,,,,,Y,,A,08,0,1,1,0,0,0,0,0,0,"- ","- ",39.729339599609375,-122.01210021972656,GLENN,UNINCORPORATED,-122.01213073730469,39.729331970214844
92184971,2023,2023-10-02,9160,2023-09-16,2230,018128,,6,3,9,1100,0,3,5,,2,005,"COUNTY ROAD S","COUNTY ROAD 33",86.00,N,N,A,-,N,,,,,,,,,,N,2,0,2,1,A,-,03,22350,,N,E,I,A,A,H,-,D,A,0,,,,,Y,,A,01,1,0,1,0,0,0,0,0,0,"- ","- ",39.623729705810547,-122.10401916503906,GLENN,UNINCORPORATED,-122.10422515869141,39.623672485351562
92189535,2023,2023-10-03,9160,2023-09-23,2305,017873,,6,3,9,1100,0,1,1,,2,002,"INTERSTATE 5 NB","COUNTY ROAD 68",5280.00,N,N,A,-,Y,GLE,,5," ",R,2.534,H,,R,Y,2,0,3,1,A,-,01,23152,A,N,F,A,A,A,H,-,D,D,0,,,,,Y,Y,A,07,1,2,0,0,0,0,0,0,0,"- ","- ",39.421680450439453,-122.19306945800781,GLENN,UNINCORPORATED,-122.19309997558594,39.421680450439453
92190123,2023,2023-10-04,9160,2023-09-22,2230,017873,,5,3,9,1100,0,1,3,,2,014,"RT 162","COUNTY ROAD D",0.00,,Y,A,-,Y,GLE,,162," "," ",63.654,H,,R,Y,3,0,1,2,A,-,12,22450,A,N,D,C,A,A,H,-,D,A,0,,,,,Y,,D,22,0,1,0,0,0,0,0,0,0,"- ","- ",39.524181365966797,-122.24971008300781,GLENN,UNINCORPORATED,-122.24971008300781,39.524154663085938
92194479,2023,2023-10-09,9160,2023-06-21,"505 ",017577,,3,3,9,1100,0,3,5,,2,007,"COUNTY ROAD P","COUNTY ROAD 60",0.00,,Y,A,-,N,,,,,,,,,,Y,1,1,0,1,A,-,01,23152,A,N,E,I,A,A,H,-,B,D,0,,,,,Y,Y,D,22,0,0,0,0,0,0,0,0,0,"- ","- ",39.46514892578125,-122.13664245605469,GLENN,UNINCORPORATED,-122.13666534423828,39.465217590332031
92202422,2023,2023-10-18,9160,2023-10-09,2300,016148,,1,3,9,1100,0,1,1,,2,002,"COUNTY ROAD P",SR-162,5280.00,S,N,A,-,N,,,,,,,,,,N,3,0,1,1,A,-,08,22107,,N,E,I,A,A,H,-,D,A,0,,,,,Y,,D,22,0,1,0,0,0,0,0,0,0,"- ","- ",39.509918212890625,-122.13674163818359,GLENN,UNINCORPORATED,-122.13676452636719,39.509601593017578
92203640,2023,2023-10-19,9160,2023-10-06,1930,021168,,5,2,9,1100,0,2,4,,2,016,"COUNTY ROAD 99W","COUNTY ROAD 30",160.00,S,N,A,-,N,,,,,,,,,,N,3,0,2,1,A,-,08,22107,,N,F,A,A,A,H,-,D,D,0,,,,,Y,,A,01,0,1,1,0,0,0,0,0,0,"- ","- ",39.652679443359375,-122.19706726074219,GLENN,UNINCORPORATED,-122.19712066650391,39.652820587158203
92229136,2023,2023-11-06,9160,2023-10-22,1910,019043,,7,2,9,1100,0,3,5,,2,003,"CO RD 200","MORRISON BRYAN RD",8976.00,W,N,B,C,N,,,,,,,,,,N,4,0,1,1,A,-,08,22107,,N,E,8,A,B,H,-,D,D,0,,,,,Y,,-,"- ",0,0,1,0,0,0,0,0,0,"- ","- ",39.788619995117188,-122.45757293701172,GLENN,UNINCORPORATED,-122.45735168457031,39.788749694824219
92230162,2023,2023-11-07,9160,2023-10-28,"550 ",018737,,6,3,9,1100,0,1,3,,1,010,SR-45,"COUNTY ROAD 33",965.00,N,N,A,-,Y,GLE,,45," "," ",14.870,H,,R,Y,3,0,2,1,A,-,08,22107,,N,F,A,A,A,H,-,D,D,0,,,,,Y,,A,07,0,2,0,0,0,0,0,0,0,"- ","- ",39.625999450683594,-122.00704956054688,GLENN,UNINCORPORATED,-122.00702667236328,39.625999450683594
92231408,2023,2023-11-08,9160,2023-10-06,1225,019718,,5,1,9,1100,0,3,5,,2,005,"6TH AVENUE",SR-32,250.00,N,N,A,-,N,,,,,,,,,,Y,3,0,1,1,A,-,08,22107,,N,E,I,A,A,H,-,A,D,0,,,,,Y,,A,01,0,1,0,0,0,0,0,0,0,"- ","- ",39.745540618896484,-122.09358215332031,GLENN,UNINCORPORATED,-122.19754028320312,39.748096466064453
92232252,2023,2023-11-29,9160,2023-10-26,1735,021168,,4,2,9,1100,0,2,4,,2,016,"COUNTY ROAD 99W","COUNTY ROAD 3",0.00,,Y,A,-,N,,,,,,,,,,N,2,0,5,2,A,-,03,22350,,N,C,C,A,A,H,-,A,D,0,,,,,Y,Y,A,01,1,3,1,0,0,0,0,0,0,"- ","- ",39.794399261474609,-122.19741821289062,GLENN,UNINCORPORATED,-122.19741058349609,39.794410705566406
92233096,2023,2023-11-13,9160,2023-11-04,1210,018737,,6,1,9,1100,0,1,1,,2,002,"I-5 S/B","COUNTY ROAD 68",8976.00,N,N,B,-,Y,GLE,,5," ",R,3.238,H,,L,N,4,0,1,2,A,-,07,21658,A,N,B,C,A,A,H,-,A,D,0,,,,,Y,,A,01,0,0,1,0,0,0,0,0,0,"- ","- ",39.431919097900391,-122.19355773925781,GLENN,UNINCORPORATED,-122.19353485107422,39.431919097900391
92234309,2023,2023-11-13,9160,2023-11-01,"35  ",015118,,3,3,9,1100,0,1,1,,2,004,"I-5 S/B","CO. RD. 39",2112.00,N,N,A,-,Y,GLE,,5," ",R,14.321,H,,L,Y,4,0,1,2,A,-,03,22350,,N,C,C,A,A,H,-,D,D,0,,,,Y,Y,,G,25,0,0,1,0,0,0,0,0,0,"- ","- ",39.588489532470703,-122.20987701416016,GLENN,UNINCORPORATED,-122.20980072021484,39.588485717773438